"2270012","“Zuong”","Sun, 5 Nov 2023 22:10:23 +0700","update new commit history",	 2 files changed, 664 insertions(+), 469 deletions(-)	
"413abfe","Carl-Johnsons","Sun, 5 Nov 2023 21:57:39 +0700","fix routing voucher",	 9 files changed, 1289 insertions(+), 36 deletions(-)	
"634d5e7","“Zuong”","Sun, 5 Nov 2023 20:38:44 +0700","update styles for info.jsp",	 1 file changed, 92 insertions(+), 81 deletions(-)	
"326adfd","phenchua29","Sun, 5 Nov 2023 19:21:10 +0700","Update script",	 1 file changed, 1 insertion(+), 1 deletion(-)	
"9fcf7ea","phenchua29","Sun, 5 Nov 2023 18:17:54 +0700","Update diagram",	 8 files changed, 283 insertions(+)	
"83b541e","Carl-Johnsons","Sun, 5 Nov 2023 16:10:07 +0700","fix screen flow",	 32 files changed, 1562 insertions(+), 1262 deletions(-)	
"cdd979b","lebathinh2003","Sun, 5 Nov 2023 15:56:50 +0700","add alert confirm when import or update import",	 3 files changed, 161 insertions(+), 12 deletions(-)	
"8e1b9f1","phenchua29","Sun, 5 Nov 2023 14:46:40 +0700","Accept reject order diagrams",	 6 files changed, 612 insertions(+), 19 deletions(-)	
"a3af486","lebathinh2003","Sun, 5 Nov 2023 14:11:07 +0700","fix navbar ivtr manager",	 2 files changed, 81 insertions(+), 5 deletions(-)	
"5b07301","lebathinh2003","Sun, 5 Nov 2023 13:44:25 +0700","fix so am",	 2 files changed, 17 insertions(+), 16 deletions(-)	
"7f55ad1","“Zuong”","Sun, 5 Nov 2023 13:42:36 +0700","fix negative number in list import product",	 1 file changed, 1 insertion(+), 1 deletion(-)	
"46ec9f5","“Zuong”","Sun, 5 Nov 2023 13:42:15 +0700","update width for input field quantity import cart",	 2 files changed, 2 insertions(+), 2 deletions(-)	
"c3b4c99","“Zuong”","Sun, 5 Nov 2023 13:22:28 +0700","fix bug order detail of order manager",	 2 files changed, 4 insertions(+), 2 deletions(-)	
"65bf1f9","phenchua29","Sun, 5 Nov 2023 13:09:31 +0700","Update diagrams",	 28 files changed, 1658 insertions(+), 414 deletions(-)	
"2c71677","Carl-Johnsons","Sun, 5 Nov 2023 12:54:10 +0700","done accept reject order",	 14 files changed, 1094 insertions(+)	
"3e53bb6","Carl-Johnsons","Sun, 5 Nov 2023 12:53:28 +0700","done accept/reject Order",	 1 file changed, 4 deletions(-)	
"d60f1b5","phenchua29","Sun, 5 Nov 2023 00:16:37 +0700","Add customer view order detail diagrams",	 2 files changed, 220 insertions(+)	
"6c8a712","lebathinh2003","Sun, 5 Nov 2023 00:04:43 +0700","fix sequence diagram",	 5 files changed, 431 insertions(+), 433 deletions(-)	
"df69f6d","Carl-Johnsons","Sat, 4 Nov 2023 22:56:53 +0700","done ban employee",	 4 files changed, 196 insertions(+), 2 deletions(-)	
"4dc70de","phenchua29","Sat, 4 Nov 2023 22:54:14 +0700","Render new svg",	 3 files changed, 275 insertions(+), 275 deletions(-)	
"115ad12","phenchua29","Sat, 4 Nov 2023 22:52:21 +0700","Fix actor",	 3 files changed, 10 insertions(+), 10 deletions(-)	
"b532452","phenchua29","Sat, 4 Nov 2023 22:45:54 +0700","Add sudo",	 1 file changed, 1 insertion(+), 1 deletion(-)	
"82072e9","phenchua29","Sat, 4 Nov 2023 22:39:20 +0700","Add logs",	 1 file changed, 1 insertion(+), 1 deletion(-)	
"9df4f47","phenchua29","Sat, 4 Nov 2023 22:35:46 +0700","Remove sudo",	 1 file changed, 1 insertion(+), 1 deletion(-)	
"bfdca52","phenchua29","Sat, 4 Nov 2023 22:33:49 +0700","Update script",	 1 file changed, 1 insertion(+)	
"f8465f0","phenchua29","Sat, 4 Nov 2023 22:32:59 +0700","Update script",	 1 file changed, 1 insertion(+), 1 deletion(-)	
"ae09362","phenchua29","Sat, 4 Nov 2023 22:30:28 +0700","Update script",	 1 file changed, 1 insertion(+), 1 deletion(-)	
"1dc2902","lebathinh2003","Sat, 4 Nov 2023 22:29:50 +0700","update login, import, checkout",	 3 files changed, 259 insertions(+), 204 deletions(-)	
"c396105","Carl-Johnsons","Sat, 4 Nov 2023 22:28:55 +0700","fix numbering sequence diagram",	 73 files changed, 999 insertions(+), 5958 deletions(-)	
"939735e","phenchua29","Sat, 4 Nov 2023 22:10:01 +0700","Update new script",	 1 file changed, 1 insertion(+), 1 deletion(-)	
"634ebc5","phenchua29","Sat, 4 Nov 2023 22:09:29 +0700","Update new script",	 1 file changed, 1 insertion(+), 1 deletion(-)	
"b653410","phenchua29","Sat, 4 Nov 2023 21:28:35 +0700","Add update delivery address diagrams",	 6 files changed, 683 insertions(+)	
"96006a9","phenchua29","Sat, 4 Nov 2023 21:27:50 +0700","Delete unused diagrams",	 4 files changed, 235 deletions(-)	
"47a009b","phenchua29","Sat, 4 Nov 2023 21:27:36 +0700","Update new method's variable name",	 1 file changed, 23 insertions(+), 23 deletions(-)	
"7d12fe6","Carl-Johnsons","Sat, 4 Nov 2023 18:39:14 +0700","done delete delivery address",	 13 files changed, 628 insertions(+), 256 deletions(-)	
"a6df0ba","lebathinh2003","Sat, 4 Nov 2023 17:18:13 +0700","update login sequence diagram",	 1 file changed, 24 insertions(+), 24 deletions(-)	
"273d7f0","lebathinh2003","Sat, 4 Nov 2023 17:10:28 +0700","add display statistic sds",	 4 files changed, 230 insertions(+)	
"ad91988","Carl-Johnsons","Sat, 4 Nov 2023 17:09:10 +0700","done addDelivery Address SDS doc",	 10 files changed, 504 insertions(+), 6 deletions(-)	
"ac6624e","lebathinh2003","Sat, 4 Nov 2023 16:32:26 +0700","add checkout, import, bring to stock sds",	 25 files changed, 2744 insertions(+), 10 deletions(-)	
"913288d","Carl-Johnsons","Sat, 4 Nov 2023 14:18:10 +0700","add update brand fucntion in document",	 71 files changed, 331 insertions(+)	
"4be3965","phenchua29","Sat, 4 Nov 2023 14:00:04 +0700","Capitalize words",	 1 file changed, 2 insertions(+), 2 deletions(-)	
"b0930f5","phenchua29","Sat, 4 Nov 2023 13:51:59 +0700","Update sorting user's order history",	 2 files changed, 1 insertion(+), 2 deletions(-)	
"1ad00b4","phenchua29","Sat, 4 Nov 2023 13:42:04 +0700","Update delivery address list's height",	 1 file changed, 1 insertion(+), 5 deletions(-)	
"0e9a761","phenchua29","Fri, 3 Nov 2023 16:01:07 +0700","Show newest orders for customer",	 1 file changed, 684 insertions(+), 682 deletions(-)	
"fbcdebe","“Zuong”","Fri, 3 Nov 2023 15:46:06 +0700","done sds for ban customer",	 2 files changed, 2 insertions(+), 2 deletions(-)	
"20b19b4","“Zuong”","Fri, 3 Nov 2023 15:44:48 +0700","done delete customer for SDS",	 10 files changed, 512 insertions(+), 330 deletions(-)	
"3d1d520","“Zuong”","Fri, 3 Nov 2023 12:10:46 +0700","done order manager activity log for SDS",	 29 files changed, 2719 insertions(+), 40 deletions(-)	
"f163b40","“Zuong”","Fri, 3 Nov 2023 11:48:31 +0700","done inventory manager activity log for SDS",	 24 files changed, 2179 insertions(+), 9 deletions(-)	
"0622ed2","“Zuong”","Fri, 3 Nov 2023 11:19:57 +0700","done SDS for view admin activity log",	 21 files changed, 2280 insertions(+), 2 deletions(-)	
"2a714a8","Carl-Johnsons","Thu, 2 Nov 2023 19:39:34 +0700","Update checkout process",	 3 files changed, 182 insertions(+), 137 deletions(-)	
"4ce3c1c","Carl-Johnsons","Thu, 2 Nov 2023 18:55:24 +0700","delete delete function is brand management",	 6 files changed, 344 insertions(+), 73 deletions(-)	
"ede4edc","Carl-Johnsons","Thu, 2 Nov 2023 17:22:23 +0700","done brand management but i have to add the exception when the system can't delete the product that have the deleted brand",	 7 files changed, 650 insertions(+), 115 deletions(-)	
"7a93e61","phenchua29","Thu, 2 Nov 2023 13:12:42 +0700","Update script",	 1 file changed, 1 insertion(+), 1 deletion(-)	
"f0dc325","phenchua29","Thu, 2 Nov 2023 12:59:35 +0700","Reformat file",	 1 file changed, 1 insertion(+)	
"faf850e","phenchua29","Thu, 2 Nov 2023 12:57:40 +0700","Removing old files on rebuild",	 1 file changed, 1 insertion(+), 1 deletion(-)	
"4f75f58","phenchua29","Thu, 2 Nov 2023 12:49:13 +0700","Update script",	 1 file changed, 1 insertion(+), 1 deletion(-)	
"a209f9b","phenchua29","Thu, 2 Nov 2023 12:45:08 +0700","Return the original text",	 1 file changed, 1 insertion(+), 1 deletion(-)	
"a71ed30","phenchua29","Thu, 2 Nov 2023 11:06:46 +0700","Capitalize text",	 1 file changed, 1 insertion(+), 1 deletion(-)	
"d44650a","phenchua29","Thu, 2 Nov 2023 10:57:47 +0700","Update log",	 1 file changed, 13 insertions(+), 1 deletion(-)	
"e2312af","phenchua29","Thu, 2 Nov 2023 10:39:32 +0700","Create script for linux server building process",	 1 file changed, 2 insertions(+)	
"30ae071","phenchua29","Thu, 2 Nov 2023 10:24:02 +0700","Update path for linux",	 1 file changed, 1 insertion(+), 1 deletion(-)	
"a4f797b","phenchua29","Thu, 2 Nov 2023 10:05:20 +0700","Update file loading for Linux os",	 1 file changed, 8 insertions(+), 2 deletions(-)	
"4f286c2","“Zuong”","Thu, 2 Nov 2023 10:05:04 +0700","done test form for add, update user and update profile",	 3 files changed, 63 insertions(+), 26 deletions(-)	
"d55abb8","Carl-Johnsons","Thu, 2 Nov 2023 08:59:03 +0700","hot fix exceptionUtils",	 1 file changed, 33 insertions(+), 28 deletions(-)	
"b22fb94","Carl-Johnsons","Thu, 2 Nov 2023 08:53:36 +0700","hot fix add nonexist brand",	 1 file changed, 12 insertions(+), 2 deletions(-)	
"83198ea","phenchua29","Thu, 2 Nov 2023 08:50:00 +0700","Add alternative path for server",	 1 file changed, 1 insertion(+)	
"fa5540e","Carl-Johnsons","Thu, 2 Nov 2023 07:25:46 +0700","Hotfix update voucher",	 1 file changed, 27 insertions(+), 1 deletion(-)	
"63fddc6","Carl-Johnsons","Thu, 2 Nov 2023 06:54:04 +0700","Hotfix exception util",	 1 file changed, 52 insertions(+), 30 deletions(-)	
"7cc444a","Quốc Zương","Wed, 1 Nov 2023 23:03:28 +0700","update admin controller",	 2 files changed, 1 insertion(+), 3 deletions(-)	
"d2383a9","Carl-Johnsons","Wed, 1 Nov 2023 23:01:57 +0700","fix syntax",	 1 file changed, 4 insertions(+)	
"00cc87f","Carl-Johnsons","Wed, 1 Nov 2023 22:04:02 +0700","Update function name in Admin Controller",	 1 file changed, 4 insertions(+), 4 deletions(-)	
"8eba03e","Carl-Johnsons","Tue, 31 Oct 2023 23:40:22 +0700","add add voucher page but still wrong in update voucher same voucher code",	 8 files changed, 142 insertions(+), 20 deletions(-)	
"e84bd95","Carl-Johnsons","Tue, 31 Oct 2023 10:10:58 +0700","add voucher page and fix customer active is false when update",	 7 files changed, 298 insertions(+), 13 deletions(-)	
"6d6aa0c","phenchua29","Mon, 30 Oct 2023 15:22:02 +0700","Change mailing content",	 1 file changed, 4 insertions(+), 5 deletions(-)	
"00f40bb","phenchua29","Mon, 30 Oct 2023 15:21:15 +0700","Refactor code",	 1 file changed, 7 insertions(+), 5 deletions(-)	
"6288157","phenchua29","Mon, 30 Oct 2023 14:54:40 +0700","Fix routing",	 1 file changed, 1 insertion(+), 1 deletion(-)	
"9d24fff","phenchua29","Mon, 30 Oct 2023 14:54:34 +0700","Turn on mail sending feature",	 1 file changed, 2 insertions(+), 2 deletions(-)	
"d753b52","lebathinh2003","Sun, 29 Oct 2023 15:59:19 +0700","edit test case change password",	 1 file changed, 13 insertions(+), 13 deletions(-)	
"d635ddc","lebathinh2003","Sun, 29 Oct 2023 15:12:08 +0700","create test case",	 2 files changed, 128 insertions(+), 76 deletions(-)	
"b397a0d","Carl-Johnsons","Sat, 28 Oct 2023 11:24:39 +0700","Done updating voucher",	 10 files changed, 396 insertions(+), 711 deletions(-)	
"6759934","phenchua29","Fri, 27 Oct 2023 23:50:38 +0700","The image in product list now linked to the detail page",	 1 file changed, 1 insertion(+), 1 deletion(-)	
"ec29bd1","phenchua29","Fri, 27 Oct 2023 23:49:10 +0700","Update css",	 1 file changed, 14 insertions(+), 13 deletions(-)	
"ea9e04e","phenchua29","Fri, 27 Oct 2023 23:20:13 +0700","Update dynamic rendering list",	 1 file changed, 46 insertions(+), 359 deletions(-)	
"8245b76","phenchua29","Fri, 27 Oct 2023 23:19:12 +0700","Rename method",	 1 file changed, 3 insertions(+), 3 deletions(-)	
"e7f58e4","phenchua29","Fri, 27 Oct 2023 22:45:38 +0700","Update dynamic rendering for newest product list",	 1 file changed, 674 insertions(+), 572 deletions(-)	
"af98b65","lebathinh2003","Fri, 27 Oct 2023 22:41:21 +0700","add get bottom 9 product function",	 1 file changed, 81 insertions(+)	
"36deceb","phenchua29","Fri, 27 Oct 2023 21:27:18 +0700","Update hovering effect for enabled item",	 1 file changed, 4 insertions(+)	
"9f6095d","phenchua29","Fri, 27 Oct 2023 21:17:21 +0700","Fix small bugs",	 1 file changed, 20 insertions(+), 7 deletions(-)	
"154db62","phenchua29","Fri, 27 Oct 2023 20:40:30 +0700","Update loading screen for product list",	 2 files changed, 62 insertions(+), 7 deletions(-)	
"272f1c9","phenchua29","Fri, 27 Oct 2023 19:17:51 +0700","Update css for searching box",	 1 file changed, 14 insertions(+), 1 deletion(-)	
"30e3669","phenchua29","Fri, 27 Oct 2023 19:17:40 +0700","Update filter and sorting function",	 1 file changed, 71 insertions(+), 18 deletions(-)	
"42d8f7f","phenchua29","Fri, 27 Oct 2023 17:22:47 +0700","Refactor codes",	 1 file changed, 13 insertions(+), 16 deletions(-)	
"75f3d30","phenchua29","Fri, 27 Oct 2023 17:22:38 +0700","Remove unnecessary codes",	 2 files changed, 1 insertion(+), 48 deletions(-)	
"9a9c624","phenchua29","Fri, 27 Oct 2023 17:20:50 +0700","Remove unnecessary codes",	 1 file changed, 283 insertions(+), 284 deletions(-)	
"d865339","phenchua29","Fri, 27 Oct 2023 16:54:45 +0700","Remove unnecessary padding",	 1 file changed, 1 insertion(+), 5 deletions(-)	
"1e74f5d","phenchua29","Fri, 27 Oct 2023 16:54:29 +0700","Add list filtering function",	 1 file changed, 59 insertions(+)	
"72a711d","phenchua29","Fri, 27 Oct 2023 16:54:16 +0700","Change list structure",	 1 file changed, 5 insertions(+), 8 deletions(-)	
"b06e73c","Quốc Zương","Fri, 27 Oct 2023 16:53:28 +0700","add js for update voucher",	 2 files changed, 48 insertions(+), 15 deletions(-)	
"e3c04b9","Carl-Johnsons","Fri, 27 Oct 2023 15:54:36 +0700","add exception and handle case if there are no product that voucher applied in cart",	 3 files changed, 38 insertions(+)	
"d1a99bc","Carl-Johnsons","Fri, 27 Oct 2023 15:30:49 +0700","Fix register, Cart",	 13 files changed, 202 insertions(+), 109 deletions(-)	
"27d825a","Quốc Zương","Fri, 27 Oct 2023 14:48:17 +0700","remove temp sout",	 5 files changed, 318 insertions(+), 302 deletions(-)	
"70a59be","phenchua29","Fri, 27 Oct 2023 14:19:12 +0700","Update product list in voucher applying section",	 2 files changed, 59 insertions(+), 26 deletions(-)	
"897c887","Quốc Zương","Fri, 27 Oct 2023 14:11:21 +0700","add UI for inventory manager activity log",	 1 file changed, 27 insertions(+), 22 deletions(-)	
"abcdb55","Quốc Zương","Fri, 27 Oct 2023 14:11:00 +0700","update link for inventory activity log",	 2 files changed, 2 insertions(+), 2 deletions(-)	
"f9fafd4","Quốc Zương","Fri, 27 Oct 2023 14:10:29 +0700","add searchImportForActivityLog in ImportDAO",	 1 file changed, 46 insertions(+)	
"5a2b9a7","Quốc Zương","Fri, 27 Oct 2023 14:10:16 +0700","add getEmployeeByInventoryManagerId in EmployeeDAO",	 1 file changed, 32 insertions(+), 4 deletions(-)	
"9733c9d","Quốc Zương","Fri, 27 Oct 2023 14:10:00 +0700","add inventory activity log in Admin DAO",	 1 file changed, 31 insertions(+), 1 deletion(-)	
"6612a25","lebathinh2003","Fri, 27 Oct 2023 13:50:44 +0700","update import admin",	 5 files changed, 88 insertions(+), 27 deletions(-)	
"991b90b","phenchua29","Fri, 27 Oct 2023 13:19:16 +0700","Fix css overlay and positioning",	 1 file changed, 3 insertions(+), 3 deletions(-)	
"7e81d49","phenchua29","Fri, 27 Oct 2023 13:15:39 +0700","Make the cursor normal when point into the div, also disable user selection",	 1 file changed, 3 insertions(+), 1 deletion(-)	
"b54f36b","phenchua29","Fri, 27 Oct 2023 13:14:58 +0700","Make the list overlay",	 1 file changed, 1 insertion(+)	
"c4c12a2","Carl-Johnsons","Fri, 27 Oct 2023 11:37:26 +0700","Fix pending list",	 2 files changed, 81 insertions(+), 91 deletions(-)	
"a096933","Carl-Johnsons","Fri, 27 Oct 2023 10:49:46 +0700","Fix order detail throw nullpointerException page",	 6 files changed, 113 insertions(+), 110 deletions(-)	
"938266b","lebathinh2003","Thu, 26 Oct 2023 18:41:22 +0700","update import admin",	 11 files changed, 1459 insertions(+), 167 deletions(-)	
"0432881","Carl-Johnsons","Thu, 26 Oct 2023 16:14:58 +0700","change datatype int to long in ImportDAO",	 1 file changed, 3 insertions(+), 3 deletions(-)	
"ebd5cc6","Carl-Johnsons","Thu, 26 Oct 2023 16:05:12 +0700","Validate add product, update product form",	 9 files changed, 200 insertions(+), 63 deletions(-)	
"63e6a49","phenchua29","Thu, 26 Oct 2023 15:48:28 +0700","Update product list css",	 1 file changed, 277 insertions(+), 271 deletions(-)	
"f567bba","phenchua29","Thu, 26 Oct 2023 15:48:19 +0700","Moved sorting to sql query in DAO instead",	 1 file changed, 7 deletions(-)	
"0ff5a37","phenchua29","Thu, 26 Oct 2023 15:47:50 +0700","Change data type",	 1 file changed, 3 insertions(+), 3 deletions(-)	
"4804c3b","phenchua29","Thu, 26 Oct 2023 15:46:57 +0700","Merge conflict",	 5 files changed, 91 insertions(+), 58 deletions(-)	
"ed4c079","phenchua29","Thu, 26 Oct 2023 15:44:38 +0700","Add new css for product list",	 1 file changed, 124 insertions(+)	
"8429007","Carl-Johnsons","Thu, 26 Oct 2023 13:13:01 +0700","Add function getAllSimplified in Product",	 6 files changed, 91 insertions(+), 59 deletions(-)	
"e6a3676","phenchua29","Thu, 26 Oct 2023 09:17:45 +0700","Add new method for data hanlding for DAOs",	 1 file changed, 12 insertions(+)	
"8fda753","phenchua29","Thu, 26 Oct 2023 09:17:24 +0700","Refactor code logic, Long value should be handled properly now",	 6 files changed, 64 insertions(+), 68 deletions(-)	
"fd7b998","phenchua29","Thu, 26 Oct 2023 09:16:18 +0700","Remove unnecessary comments",	 2 files changed, 12 deletions(-)	
"142c702","phenchua29","Thu, 26 Oct 2023 09:15:07 +0700","Add comments",	 1 file changed, 13 insertions(+), 12 deletions(-)	
"5306e26","lebathinh2003","Thu, 26 Oct 2023 10:38:38 +0700","them import lít, detail admin",	 5 files changed, 588 insertions(+), 21 deletions(-)	
"6855dc0","phenchua29","Thu, 26 Oct 2023 09:17:45 +0700","Add new method for data hanlding for DAOs",	 1 file changed, 12 insertions(+)	
"600426a","phenchua29","Thu, 26 Oct 2023 09:17:24 +0700","Refactor code logic, Long value should be handled properly now",	 6 files changed, 50 insertions(+), 58 deletions(-)	
"3bd85cd","phenchua29","Thu, 26 Oct 2023 09:16:18 +0700","Remove unnecessary comments",	 2 files changed, 12 deletions(-)	
"0fb16f5","phenchua29","Thu, 26 Oct 2023 09:15:07 +0700","Add comments",	 1 file changed, 13 insertions(+), 12 deletions(-)	
"a2893ab","Carl-Johnsons","Thu, 26 Oct 2023 09:04:34 +0700","add product list in Voucher update",	 2 files changed, 98 insertions(+), 54 deletions(-)	
"5c65465","Carl-Johnsons","Thu, 26 Oct 2023 08:06:31 +0700","Fix get order by day,month,year",	 2 files changed, 39 insertions(+), 50 deletions(-)	
"948442e","Quốc Zương","Thu, 26 Oct 2023 03:06:49 +0700","merge conflict",	 14 files changed, 744 insertions(+), 842 deletions(-)	
"cdcdbbf","Quốc Zương","Thu, 26 Oct 2023 03:06:05 +0700","add export receipt in controller",	 1 file changed, 47 insertions(+), 50 deletions(-)	
"b3b328e","Quốc Zương","Thu, 26 Oct 2023 03:01:26 +0700","done export receipt",	 7 files changed, 2134 insertions(+), 216 deletions(-)	
"bcab872","phenchua29","Thu, 26 Oct 2023 00:19:20 +0700","Change rendering logic",	 1 file changed, 7 insertions(+), 3 deletions(-)	
"f922aa9","phenchua29","Thu, 26 Oct 2023 00:17:16 +0700","Add new method for getting time range by month and year",	 1 file changed, 41 insertions(+), 1 deletion(-)	
"877124d","phenchua29","Thu, 26 Oct 2023 00:14:22 +0700","Add new method comment",	 1 file changed, 6 insertions(+)	
"8f98c83","phenchua29","Thu, 26 Oct 2023 00:12:53 +0700","Update method logic for new date time system compatibility",	 1 file changed, 132 insertions(+), 104 deletions(-)	
"d928a98","lebathinh2003","Wed, 25 Oct 2023 23:31:21 +0700","fix bug import, them dieu huong import",	 16 files changed, 663 insertions(+), 32 deletions(-)	
"34e5885","Carl-Johnsons","Wed, 25 Oct 2023 23:09:56 +0700","add template for CRUD voucher in controller",	 1 file changed, 33 insertions(+), 8 deletions(-)	
"a22bbfc","Carl-Johnsons","Wed, 25 Oct 2023 22:43:21 +0700","Minus item when order manager accepting order",	 3 files changed, 147 insertions(+), 71 deletions(-)	
"5116696","phenchua29","Wed, 25 Oct 2023 22:30:51 +0700","Update method's logic",	 1 file changed, 3 insertions(+), 2 deletions(-)	
"bd93fbb","phenchua29","Wed, 25 Oct 2023 22:28:25 +0700","Fix method's logic",	 1 file changed, 2 insertions(+), 2 deletions(-)	
"89626b9","phenchua29","Wed, 25 Oct 2023 22:26:53 +0700","Add new method for generating time range in a day",	 1 file changed, 26 insertions(+), 4 deletions(-)	
"2be4e79","Quốc Zương","Wed, 25 Oct 2023 20:47:56 +0700","fix bug front end order detail page",	 1 file changed, 10 insertions(+), 1 deletion(-)	
"ce47e8d","Quốc Zương","Wed, 25 Oct 2023 20:33:30 +0700","add button for inventory manager",	 2 files changed, 9 insertions(+), 1 deletion(-)	
"ffc37a7","Carl-Johnsons","Wed, 25 Oct 2023 20:27:27 +0700","Fix routing after login",	 3 files changed, 430 insertions(+), 460 deletions(-)	
"c2e40a2","phenchua29","Wed, 25 Oct 2023 20:18:05 +0700","Update prevention system",	 1 file changed, 3 insertions(+), 1 deletion(-)	
"c991b4d","Quốc Zương","Wed, 25 Oct 2023 20:11:54 +0700","fix bug price in product list page",	 18 files changed, 502 insertions(+), 969 deletions(-)	
"b8f28fd","phenchua29","Wed, 25 Oct 2023 17:33:42 +0700","Update new js for disabled button",	 1 file changed, 13 insertions(+)	
"0221f11","phenchua29","Wed, 25 Oct 2023 17:33:34 +0700","Update new css for disabled button",	 1 file changed, 4 insertions(+)	
"842e6d7","phenchua29","Wed, 25 Oct 2023 17:33:17 +0700","Change route links, turn off the ability to interact with order that is not pending",	 4 files changed, 24 insertions(+), 20 deletions(-)	
"4110f7c","phenchua29","Wed, 25 Oct 2023 17:28:57 +0700","Add new routes that help redirect user to proper page after rejecting or accepting an order",	 1 file changed, 59 insertions(+), 10 deletions(-)	
"bb0036c","lebathinh2003","Tue, 24 Oct 2023 17:52:28 +0700","bring to stock, store list",	 12 files changed, 539 insertions(+), 45 deletions(-)	
"757fc2e","phenchua29","Tue, 24 Oct 2023 17:40:02 +0700","Fix small bugs",	 6 files changed, 512 insertions(+), 465 deletions(-)	
"455b157","Carl-Johnsons","Tue, 24 Oct 2023 17:34:19 +0700","fix send new email",	 1 file changed, 9 insertions(+), 4 deletions(-)	
"d02be17","phenchua29","Tue, 24 Oct 2023 16:46:44 +0700","Fix css, remove unnecessary columns",	 3 files changed, 8 insertions(+), 18 deletions(-)	
"7433456","phenchua29","Tue, 24 Oct 2023 16:46:23 +0700","uppercasing letters",	 4 files changed, 16 insertions(+), 16 deletions(-)	
"bdfa152","Quốc Zương","Tue, 24 Oct 2023 16:46:08 +0700","temp",	 1 file changed, 1 deletion(-)	
"3e8974a","Carl-Johnsons","Tue, 24 Oct 2023 16:44:26 +0700","add update voucher page and voucher list",	 6 files changed, 637 insertions(+), 3 deletions(-)	
"b86d0ee","phenchua29","Tue, 24 Oct 2023 16:29:20 +0700","Merge conflict",	 2 files changed, 7 deletions(-)	
"6f15c62","Quốc Zương","Tue, 24 Oct 2023 16:08:13 +0700","fix bug brand page",	 1 file changed, 2 insertions(+), 1 deletion(-)	
"585d8b5","Carl-Johnsons","Tue, 24 Oct 2023 14:20:09 +0700","Add admin update info and upgrade send email multi-thread",	 7 files changed, 200 insertions(+), 187 deletions(-)	
"41cb5a4","phenchua29","Tue, 24 Oct 2023 13:18:49 +0700","Remove chilish icon",	 1 file changed, 29 insertions(+), 18 deletions(-)	
"02f98df","lebathinh2003","Tue, 24 Oct 2023 11:47:29 +0700","import list, import detail",	 8 files changed, 483 insertions(+), 111 deletions(-)	
"3b97db0","Quốc Zương","Tue, 24 Oct 2023 11:34:22 +0700","add UI for forgot password",	 4 files changed, 286 insertions(+), 2 deletions(-)	
"1e6c15e","Quốc Zương","Tue, 24 Oct 2023 11:33:44 +0700","add generateForgotPassword",	 1 file changed, 14 insertions(+)	
"e3a3c92","Quốc Zương","Tue, 24 Oct 2023 11:33:37 +0700","update exceptionUtils",	 1 file changed, 2 insertions(+)	
"bd604ce","Quốc Zương","Tue, 24 Oct 2023 11:33:25 +0700","add forgotPasswordEmailHTML for send mail",	 1 file changed, 103 insertions(+), 12 deletions(-)	
"f41318e","Quốc Zương","Tue, 24 Oct 2023 11:33:13 +0700","add new exception",	 1 file changed, 8 insertions(+), 6 deletions(-)	
"ecfa643","Quốc Zương","Tue, 24 Oct 2023 11:32:56 +0700","add forgot password in log controller",	 1 file changed, 51 insertions(+)	
"920e66f","Quốc Zương","Tue, 24 Oct 2023 11:32:28 +0700","add new exception EmailDuplicationException",	 1 file changed, 23 insertions(+)	
"ea86940","phenchua29","Tue, 24 Oct 2023 10:32:53 +0700","Button will now expand when it's alone",	 1 file changed, 2 insertions(+), 2 deletions(-)	
"7023d3d","phenchua29","Tue, 24 Oct 2023 10:32:21 +0700","Remove unnecessary columns",	 3 files changed, 2 insertions(+), 16 deletions(-)	
"af67bab","Carl-Johnsons","Tue, 24 Oct 2023 10:30:13 +0700","Change filter in jsp to controller OrderManager",	 4 files changed, 193 insertions(+), 208 deletions(-)	
"b25af34","Quốc Zương","Tue, 24 Oct 2023 09:59:08 +0700","update UI for order manager",	 1 file changed, 2 insertions(+), 2 deletions(-)	
"ad2b175","phenchua29","Tue, 24 Oct 2023 02:06:19 +0700","Merge conflict",	 2 files changed, 7 insertions(+)	
"9e018be","Quốc Zương","Tue, 24 Oct 2023 02:03:34 +0700","add UI for order manager activity log",	 1 file changed, 25 insertions(+), 24 deletions(-)	
"bcc0fad","phenchua29","Tue, 24 Oct 2023 02:03:19 +0700","Copy old css for admin Navbar",	 1 file changed, 639 insertions(+)	
"913a348","Quốc Zương","Tue, 24 Oct 2023 02:03:14 +0700","fix bug for userRefactor",	 1 file changed, 3 insertions(+), 3 deletions(-)	
"8682129","Quốc Zương","Tue, 24 Oct 2023 02:02:56 +0700","add getUserForOrderActivityLogs in UserDAO",	 2 files changed, 43 insertions(+), 14 deletions(-)	
"29f1041","phenchua29","Tue, 24 Oct 2023 02:02:30 +0700","Change navbar",	 1 file changed, 1 insertion(+), 1 deletion(-)	
"bbbcdab","Quốc Zương","Tue, 24 Oct 2023 02:02:13 +0700","add searchOrderActivityLog for OrderDAO",	 1 file changed, 94 insertions(+), 60 deletions(-)	
"dbfa487","phenchua29","Tue, 24 Oct 2023 02:01:54 +0700","Add new navbar for order manager",	 1 file changed, 61 insertions(+)	
"7e281f4","Quốc Zương","Tue, 24 Oct 2023 02:01:40 +0700","add function orderManagerActivityLog  admin controller",	 1 file changed, 31 insertions(+), 1 deletion(-)	
"0315e5a","phenchua29","Tue, 24 Oct 2023 02:01:21 +0700","Change rendering logic",	 1 file changed, 210 insertions(+), 196 deletions(-)	
"ab740f6","phenchua29","Tue, 24 Oct 2023 02:00:54 +0700","Add new pages for order manager",	 4 files changed, 674 insertions(+), 162 deletions(-)	
"d42d714","Quốc Zương","Tue, 24 Oct 2023 02:00:33 +0700","update UI for order manager activity log",	 1 file changed, 36 insertions(+), 53 deletions(-)	
"2ae734c","phenchua29","Tue, 24 Oct 2023 02:00:16 +0700","Fix small bugs",	 4 files changed, 18 insertions(+), 11 deletions(-)	
"0d908f6","lebathinh2003","Tue, 24 Oct 2023 01:45:59 +0700","fix som bug",	 1 file changed, 2 insertions(+), 2 deletions(-)	
"ebf4363","lebathinh2003","Tue, 24 Oct 2023 01:41:22 +0700","fix xome bug",	 8 files changed, 607 insertions(+), 24 deletions(-)	
"10c7ab8","Quốc Zương","Tue, 24 Oct 2023 00:22:02 +0700","fix date error in UI",	 1 file changed, 1 insertion(+), 1 deletion(-)	
"d4beb30","Quốc Zương","Tue, 24 Oct 2023 00:21:46 +0700","add DateTimeDashPattern and DateTimeActivityLog",	 1 file changed, 9 insertions(+), 8 deletions(-)	
"f8a261a","Quốc Zương","Tue, 24 Oct 2023 00:21:25 +0700","fix current time in productActivityLogDAO",	 1 file changed, 1 insertion(+), 2 deletions(-)	
"9930e85","Quốc Zương","Tue, 24 Oct 2023 00:20:43 +0700","fix date for UI",	 2 files changed, 10 insertions(+), 5 deletions(-)	
"0b1181b","Quốc Zương","Tue, 24 Oct 2023 00:20:18 +0700","fix retired date in employeeDAO",	 1 file changed, 20 insertions(+), 9 deletions(-)	
"d58a75d","Quốc Zương","Tue, 24 Oct 2023 00:19:26 +0700","fix date in controller",	 1 file changed, 1 insertion(+), 1 deletion(-)	
"6f2f27d","Carl-Johnsons","Mon, 23 Oct 2023 23:46:08 +0700","complete orderList function accept/reject order",	 6 files changed, 84 insertions(+), 91 deletions(-)	
"92130ac","Quốc Zương","Mon, 23 Oct 2023 23:08:07 +0700","fix bug date",	 4 files changed, 19 insertions(+), 17 deletions(-)	
"b6e3ea0","phenchua29","Mon, 23 Oct 2023 22:40:23 +0700","Remove unnecessary code",	 29 files changed, 9 insertions(+), 80 deletions(-)	
"2d5e5eb","phenchua29","Mon, 23 Oct 2023 22:36:04 +0700","Fix small bugs",	 2 files changed, 7 insertions(+), 5 deletions(-)	
"d1e6b6f","phenchua29","Mon, 23 Oct 2023 22:12:12 +0700","Merge conflit",	 1 file changed, 2 insertions(+)	
"9711853","phenchua29","Mon, 23 Oct 2023 22:10:57 +0700","Fix data type for new date time system",	 6 files changed, 36 insertions(+), 36 deletions(-)	
"bbdcd3f","lebathinh2003","Mon, 23 Oct 2023 22:07:21 +0700","fix customer user page",	 2 files changed, 3 insertions(+), 1 deletion(-)	
"afd6439","Quốc Zương","Mon, 23 Oct 2023 21:53:26 +0700","merge",	 2 files changed, 8 insertions(+), 10 deletions(-)	
"870cd88","Quốc Zương","Mon, 23 Oct 2023 21:35:26 +0700","merge",	 1 file changed, 6 insertions(+), 9 deletions(-)	
"8a7a0ae","phenchua29","Mon, 23 Oct 2023 21:30:12 +0700","Merge conflict",	 2 files changed, 4 insertions(+), 1 deletion(-)	
"4d69265","phenchua29","Mon, 23 Oct 2023 21:27:48 +0700","Add new method to convert string to milisecond from epoch",	 1 file changed, 18 insertions(+)	
"2f73266","phenchua29","Mon, 23 Oct 2023 21:27:12 +0700","Refactor code for new date time system",	 3 files changed, 23 insertions(+), 20 deletions(-)	
"324e168","phenchua29","Mon, 23 Oct 2023 21:10:48 +0700","Refactor code for new date time system compatibility",	 9 files changed, 97 insertions(+), 116 deletions(-)	
"a6b137d","phenchua29","Mon, 23 Oct 2023 21:10:24 +0700","Add new method for new date time system compatibility",	 15 files changed, 108 insertions(+), 109 deletions(-)	
"fc5d032","phenchua29","Mon, 23 Oct 2023 21:09:27 +0700","Add new method for generating date time",	 1 file changed, 8 insertions(+), 8 deletions(-)	
"65615df","Quốc Zương","Mon, 23 Oct 2023 20:58:20 +0700","merge",	 6 files changed, 513 insertions(+), 120 deletions(-)	
"c3419df","phenchua29","Mon, 23 Oct 2023 18:06:55 +0700","Add new method to generate datetime",	 1 file changed, 28 insertions(+), 4 deletions(-)	
"7275958","Carl-Johnsons","Mon, 23 Oct 2023 17:23:40 +0700","Fix database datetime => Bigint",	 3 files changed, 32 insertions(+), 112 deletions(-)	
"ecb4fe2","Carl-Johnsons","Mon, 23 Oct 2023 16:51:23 +0700","Add 2 attributes price and quantity to track in pal",	 5 files changed, 63 insertions(+), 21 deletions(-)	
"4f98aff","phenchua29","Mon, 23 Oct 2023 16:24:05 +0700","Update order detail routing link",	 2 files changed, 2 insertions(+), 2 deletions(-)	
"c43a417","phenchua29","Mon, 23 Oct 2023 16:14:24 +0700","Fix routing links",	 1 file changed, 12 insertions(+), 12 deletions(-)	
"a60b481","Carl-Johnsons","Mon, 23 Oct 2023 16:13:12 +0700","Fix login method",	 6 files changed, 69 insertions(+), 75 deletions(-)	
"0b3ed04","phenchua29","Mon, 23 Oct 2023 15:51:11 +0700","Update login method",	 1 file changed, 29 insertions(+), 27 deletions(-)	
"8b21335","phenchua29","Mon, 23 Oct 2023 15:45:48 +0700","Update login method",	 1 file changed, 14 insertions(+), 7 deletions(-)	
"9180ca3","phenchua29","Mon, 23 Oct 2023 15:45:19 +0700","Add update information method",	 1 file changed, 151 insertions(+), 5 deletions(-)	
"dcf6b8e","phenchua29","Mon, 23 Oct 2023 15:45:07 +0700","Remove unecessary code",	 1 file changed, 8 deletions(-)	
"05f4591","Quốc Zương","Mon, 23 Oct 2023 14:28:38 +0700","fix bug dropdown menu in admin navbar",	 1 file changed, 20 insertions(+), 5 deletions(-)	
"ccc7447","Quốc Zương","Mon, 23 Oct 2023 01:14:34 +0700","remove unused import",	 1 file changed, 1 deletion(-)	
"d8c0616","Quốc Zương","Mon, 23 Oct 2023 01:10:57 +0700","update css for admin activity log page",	 1 file changed, 2 insertions(+), 2 deletions(-)	
"4c7eb2b","Quốc Zương","Mon, 23 Oct 2023 01:08:00 +0700","update order by date for searchProductActivityLog",	 1 file changed, 1 insertion(+), 1 deletion(-)	
"65d8c18","Quốc Zương","Mon, 23 Oct 2023 01:00:58 +0700","done admin activity log!!!",	 1 file changed, 32 insertions(+), 52 deletions(-)	
"31d71f2","Quốc Zương","Mon, 23 Oct 2023 01:00:05 +0700","update css for admin navbar",	 1 file changed, 10 insertions(+), 1 deletion(-)	
"b0e3cd5","Quốc Zương","Mon, 23 Oct 2023 00:59:22 +0700","update search by pd name for admin activity log",	 1 file changed, 4 insertions(+), 2 deletions(-)	
"c88746f","Quốc Zương","Mon, 23 Oct 2023 00:58:39 +0700","update search for admin activity log",	 1 file changed, 8 insertions(+), 7 deletions(-)	
"8c0d234","lebathinh2003","Mon, 23 Oct 2023 00:16:10 +0700","fix voucher, fix checkout thanh cong",	 6 files changed, 701 insertions(+), 671 deletions(-)	
"17a7290","phenchua29","Mon, 23 Oct 2023 00:14:11 +0700","Delete unavailable links",	 1 file changed, 1 insertion(+), 105 deletions(-)	
"bc18677","phenchua29","Mon, 23 Oct 2023 00:13:50 +0700","Fix routing",	 1 file changed, 21 insertions(+), 36 deletions(-)	
"a8d8288","Quốc Zương","Mon, 23 Oct 2023 00:13:14 +0700","add searchProductActivityLog ProductActivityLogDAO",	 1 file changed, 31 insertions(+)	
"8e34bda","phenchua29","Mon, 23 Oct 2023 00:12:15 +0700","Format code",	 2 files changed, 1062 insertions(+), 1063 deletions(-)	
"ddf4cff","phenchua29","Mon, 23 Oct 2023 00:12:02 +0700","Add new routing",	 2 files changed, 64 insertions(+), 17 deletions(-)	
"d068222","Quốc Zương","Mon, 23 Oct 2023 00:12:00 +0700","add getUserForAdminActivityLogs in UserDAO",	 1 file changed, 31 insertions(+), 4 deletions(-)	
"7b64f87","Carl-Johnsons","Sun, 22 Oct 2023 23:45:03 +0700","Done routing for order manager",	 1 file changed, 62 insertions(+), 36 deletions(-)	
"3c5d609","phenchua29","Sun, 22 Oct 2023 23:19:03 +0700","Add new page",	 1 file changed, 1 insertion(+)	
"a745035","phenchua29","Sun, 22 Oct 2023 23:18:54 +0700","Copy new page",	 3 files changed, 655 insertions(+)	
"83a5ff2","phenchua29","Sun, 22 Oct 2023 23:18:22 +0700","Fix small bugs",	 1 file changed, 1 insertion(+), 1 deletion(-)	
"7da8348","phenchua29","Sun, 22 Oct 2023 23:17:35 +0700","Add new routes",	 1 file changed, 97 insertions(+), 7 deletions(-)	
"32c5e43","phenchua29","Sun, 22 Oct 2023 23:16:55 +0700","Format code",	 2 files changed, 7 insertions(+), 7 deletions(-)	
"1e2691e","Quốc Zương","Sun, 22 Oct 2023 23:04:23 +0700","update modal for employee activity log",	 7 files changed, 653 insertions(+), 6 deletions(-)	
"698fdca","lebathinh2003","Sun, 22 Oct 2023 22:13:20 +0700","chen cat logic",	 2 files changed, 3 insertions(+), 6 deletions(-)	
"4fd7483","phenchua29","Sun, 22 Oct 2023 22:04:06 +0700","Fix small bugs",	 11 files changed, 191 insertions(+), 77 deletions(-)	
"35ee2ac","Quốc Zương","Sun, 22 Oct 2023 21:57:44 +0700","done statistic",	 3 files changed, 35 insertions(+), 16 deletions(-)	
"7704fe0","Quốc Zương","Sun, 22 Oct 2023 21:13:52 +0700","add functions getNumberOfOrder in OrderDAO",	 3 files changed, 90 insertions(+), 13 deletions(-)	
"2097b8f","Carl-Johnsons","Sun, 22 Oct 2023 21:08:01 +0700","add test case",	 2 files changed, 61 insertions(+), 29 deletions(-)	
"4c41ea9","Quốc Zương","Sun, 22 Oct 2023 20:04:47 +0700","add button order in statistic",	 1 file changed, 8 insertions(+)	
"5d8eb3b","Quốc Zương","Sun, 22 Oct 2023 19:59:44 +0700","change icon for statistic",	 2 files changed, 3 insertions(+), 3 deletions(-)	
"ba361ec","phenchua29","Sun, 22 Oct 2023 18:49:58 +0700","Refactor type of all ArrayList into List",	 18 files changed, 61 insertions(+), 55 deletions(-)	
"2de275e","Carl-Johnsons","Sun, 22 Oct 2023 18:22:48 +0700","Partial refactor cartItem",	 2 files changed, 9 insertions(+), 8 deletions(-)	
"fa2c7af","phenchua29","Sun, 22 Oct 2023 18:17:50 +0700","Partially refactoring List type",	 7 files changed, 88 insertions(+), 35 deletions(-)	
"f5f2cb1","Carl-Johnsons","Sun, 22 Oct 2023 17:14:23 +0700","refactor customer order detail page",	 4 files changed, 62 insertions(+), 65 deletions(-)	
"cf3d375","phenchua29","Sun, 22 Oct 2023 17:10:34 +0700","Update css",	 2 files changed, 3 insertions(+), 3 deletions(-)	
"236b0ab","lebathinh2003","Sun, 22 Oct 2023 17:09:07 +0700","add import checkout",	 6 files changed, 291 insertions(+), 126 deletions(-)	
"b84638e","phenchua29","Sun, 22 Oct 2023 17:07:28 +0700","change padding for order list",	 1 file changed, 4 insertions(+), 4 deletions(-)	
"64f278a","phenchua29","Sun, 22 Oct 2023 16:48:23 +0700","Merge conflict",	 1 file changed, 4 insertions(+)	
"b9ada86","phenchua29","Sun, 22 Oct 2023 16:46:30 +0700","update customer order list",	 2 files changed, 50 insertions(+), 8 deletions(-)	
"040f289","phenchua29","Sun, 22 Oct 2023 16:46:08 +0700","Delete uneccessary comments",	 1 file changed, 18 insertions(+), 42 deletions(-)	
"3afd516","phenchua29","Sun, 22 Oct 2023 16:45:46 +0700","Fix small bugs",	 2 files changed, 3 insertions(+), 3 deletions(-)	
"f78e42c","Carl-Johnsons","Sun, 22 Oct 2023 15:58:54 +0700","Update accept/reject order status in OrderDAO",	 3 files changed, 52 insertions(+), 44 deletions(-)	
"16cc66c","phenchua29","Sun, 22 Oct 2023 15:23:39 +0700","merge conflicts",	 2 files changed, 1 insertion(+), 5 deletions(-)	
"6b38797","phenchua29","Sun, 22 Oct 2023 15:20:56 +0700","Fix small bugs",	 6 files changed, 46 insertions(+), 34 deletions(-)	
"1370cb5","phenchua29","Sun, 22 Oct 2023 15:20:27 +0700","Add new exception",	 1 file changed, 8 insertions(+)	
"f983af2","phenchua29","Sun, 22 Oct 2023 15:20:20 +0700","Add new exception",	 1 file changed, 24 insertions(+)	
"ae423ca","phenchua29","Sun, 22 Oct 2023 15:20:13 +0700","Add new method to get order manager by id",	 1 file changed, 22 insertions(+)	
"d8c1ec8","Carl-Johnsons","Sun, 22 Oct 2023 15:18:19 +0700","add order Controller",	 2 files changed, 162 insertions(+), 1 deletion(-)	
"43e69c7","phenchua29","Sun, 22 Oct 2023 14:29:44 +0700","merge",	 2 files changed, 8 insertions(+), 4 deletions(-)	
"87ebc8f","phenchua29","Sun, 22 Oct 2023 14:29:31 +0700","Add button for order management",	 1 file changed, 11 insertions(+)	
"9a6f2d6","Quốc Zương","Sun, 22 Oct 2023 14:14:15 +0700","refactoring front end for product and product detail",	 1 file changed, 2 insertions(+), 2 deletions(-)	
"99e1e83","Quốc Zương","Sun, 22 Oct 2023 14:11:40 +0700","brand page work",	 1 file changed, 44 insertions(+), 45 deletions(-)	
"8c23daa","Quốc Zương","Sun, 22 Oct 2023 13:58:35 +0700","refactoring introduce page front end",	 1 file changed, 37 insertions(+), 37 deletions(-)	
"8af7700","Quốc Zương","Sun, 22 Oct 2023 13:55:30 +0700","refactoring home page front end",	 2 files changed, 49 insertions(+), 45 deletions(-)	
"0d6cbb7","Carl-Johnsons","Sun, 22 Oct 2023 11:46:34 +0700","add accept/reject order in OrderDAO",	 2 files changed, 151 insertions(+), 112 deletions(-)	
"512ef7f","Carl-Johnsons","Sun, 22 Oct 2023 10:56:11 +0700","Add 13 testcases for login, 3 testcases has failed",	 8 files changed, 328 insertions(+), 14 deletions(-)	
"2017448","lebathinh2003","Sun, 22 Oct 2023 02:06:49 +0700","add inventory controller, some method",	 9 files changed, 303 insertions(+), 22 deletions(-)	
"6627be9","Quốc Zương","Sun, 22 Oct 2023 01:38:28 +0700","done view statistic by gender, brand. Filter is comming",	 5 files changed, 182 insertions(+), 35 deletions(-)	
"6e495e7","Quốc Zương","Sun, 22 Oct 2023 00:07:37 +0700","add navbar for inventory manager",	 1 file changed, 29 insertions(+)	
"f425fdd","Quốc Zương","Sat, 21 Oct 2023 23:50:21 +0700","add UI for import product",	 4 files changed, 613 insertions(+), 2 deletions(-)	
"6317bbd","Carl-Johnsons","Sat, 21 Oct 2023 21:17:38 +0700","Add test file and update getUser into login",	 8 files changed, 95 insertions(+), 42 deletions(-)	
"edf27f3","Carl-Johnsons","Sat, 21 Oct 2023 13:34:28 +0700","add log.csv",	 2 files changed, 350 insertions(+), 1 deletion(-)	
"6db2faf","lebathinh2003","Thu, 19 Oct 2023 00:34:45 +0700","Complete check-out Co-authored-by: QuocZuong <quocvuongle.ct@gmail.com> Co-authored-by: Carl-Johnsons <nguyenletaiduc2709@gmail.com> Co-authored-by: PhenChua29 <phenchua99122@gmail.com>",	 7 files changed, 714 insertions(+), 583 deletions(-)	
"daacafc","Quốc Zương","Wed, 18 Oct 2023 23:40:16 +0700","Create group2.csv",	 1 file changed, 469 insertions(+)	
"338f78c","PhenChua","Wed, 18 Oct 2023 23:33:48 +0700","Refactor comment",	 2 files changed, 9 insertions(+), 16 deletions(-)	
"9e50baf","PhenChua","Wed, 18 Oct 2023 23:27:21 +0700","Fix sql string error",	 1 file changed, 26 insertions(+), 27 deletions(-)	
"4cff540","Quốc Zương","Wed, 18 Oct 2023 23:05:31 +0700","done almost Chart by gender",	 6 files changed, 235 insertions(+), 24 deletions(-)	
"b271677","PhenChua","Wed, 18 Oct 2023 23:01:24 +0700","Change new database data",	 2 files changed, 6 insertions(+), 6 deletions(-)	
"38bb333","PhenChua","Wed, 18 Oct 2023 21:35:45 +0700","Add new button for order management function",	 1 file changed, 11 insertions(+)	
"eff23ab","PhenChua","Wed, 18 Oct 2023 21:31:43 +0700","Refactor codes",	 1 file changed, 19 insertions(+), 16 deletions(-)	
"ed4c7d2","PhenChua","Wed, 18 Oct 2023 21:31:30 +0700","Add new mehtod to filter list",	 1 file changed, 34 insertions(+)	
"7757677","PhenChua","Wed, 18 Oct 2023 21:31:11 +0700","Add new enum type",	 1 file changed, 19 insertions(+), 8 deletions(-)	
"c06c5d4","PhenChua","Wed, 18 Oct 2023 21:31:01 +0700","Update new role validation logic",	 1 file changed, 93 insertions(+), 6 deletions(-)	
"b9d8823","PhenChua","Wed, 18 Oct 2023 21:30:28 +0700","Remove unnecessary codes",	 4 files changed, 52 deletions(-)	
"0651580","PhenChua","Wed, 18 Oct 2023 21:28:58 +0700","Refactor codes, add searching method",	 1 file changed, 87 insertions(+), 23 deletions(-)	
"1f3171c","PhenChua","Wed, 18 Oct 2023 21:28:14 +0700","Add order management list jsp page",	 1 file changed, 189 insertions(+)	
"b4debcc","PhenChua","Wed, 18 Oct 2023 21:26:48 +0700","Refactor code",	 1 file changed, 1 insertion(+), 2 deletions(-)	
"66163d3","PhenChua","Wed, 18 Oct 2023 21:23:42 +0700","Refactor comments",	 1 file changed, 17 insertions(+), 16 deletions(-)	
"e5679e9","PhenChua","Wed, 18 Oct 2023 21:23:21 +0700","Refactor code",	 5 files changed, 478 insertions(+), 468 deletions(-)	
"3ac9678","PhenChua","Wed, 18 Oct 2023 21:14:49 +0700","Add pagination method and routing for order management list",	 1 file changed, 61 insertions(+), 4 deletions(-)	
"113e148","PhenChua","Wed, 18 Oct 2023 21:10:09 +0700","add css file for order management list",	 1 file changed, 276 insertions(+)	
"98747e6","Quốc Zương","Tue, 17 Oct 2023 23:31:32 +0700","add best product selling",	 4 files changed, 157 insertions(+), 47 deletions(-)	
"640549b","Carl-Johnsons","Tue, 17 Oct 2023 22:42:43 +0700","Done product activity log",	 7 files changed, 231 insertions(+), 27 deletions(-)	
"71d568e","Quốc Zương","Tue, 17 Oct 2023 22:20:05 +0700","add gson",	 3 files changed, 71 insertions(+), 2 deletions(-)	
"4b445be","Quốc Zương","Tue, 17 Oct 2023 21:17:47 +0700","done CRUD employee and customer",	 5 files changed, 380 insertions(+), 183 deletions(-)	
"1fd7c71","PhenChua","Tue, 17 Oct 2023 19:56:17 +0700","Add new constructors",	 2 files changed, 44 insertions(+)	
"86b286f","PhenChua","Tue, 17 Oct 2023 19:55:41 +0700","Add new DAO",	 2 files changed, 80 insertions(+)	
"cf71b08","PhenChua","Tue, 17 Oct 2023 19:55:17 +0700","Delete unnecessary comments",	 1 file changed, 1 insertion(+), 4 deletions(-)	
"0333423","PhenChua","Tue, 17 Oct 2023 19:54:53 +0700","Delete unnecessary imports",	 1 file changed, 10 insertions(+), 21 deletions(-)	
"c53e547","PhenChua","Tue, 17 Oct 2023 19:53:59 +0700","Modify property type",	 1 file changed, 79 insertions(+), 89 deletions(-)	
"d47b8a5","Carl-Johnsons","Tue, 17 Oct 2023 19:33:44 +0700","Update model Admin and add Admin DAO",	 14 files changed, 445 insertions(+), 281 deletions(-)	
"e2565d5","Quốc Zương","Tue, 17 Oct 2023 00:31:08 +0700","fix conflict in adminController",	 1 file changed, 5 insertions(+), 107 deletions(-)	
"644ace4","Quốc Zương","Tue, 17 Oct 2023 00:23:55 +0700","turn on build on save",	 1 file changed, 20 insertions(+), 19 deletions(-)	
"3919504","Quốc Zương","Tue, 17 Oct 2023 00:23:37 +0700","fix bug in UI",	 3 files changed, 29 insertions(+), 39 deletions(-)	
"8437191","Quốc Zương","Tue, 17 Oct 2023 00:23:05 +0700","fix bug in addEmployee page",	 1 file changed, 40 insertions(+), 70 deletions(-)	
"7287dd9","Quốc Zương","Tue, 17 Oct 2023 00:22:38 +0700","create getRole function in EmployeeDAO",	 1 file changed, 55 insertions(+), 36 deletions(-)	
"4a1162e","Quốc Zương","Tue, 17 Oct 2023 00:22:19 +0700","done add employee function",	 1 file changed, 134 insertions(+), 50 deletions(-)	
"c4f8f18","Quốc Zương","Tue, 17 Oct 2023 00:21:53 +0700","UI for add employee",	 1 file changed, 381 insertions(+)	
"c3a3497","Carl-Johnsons","Tue, 17 Oct 2023 00:08:52 +0700","update Product is in progress",	 2 files changed, 83 insertions(+), 90 deletions(-)	
"d8e5bb2","PhenChua","Mon, 16 Oct 2023 23:40:22 +0700","Update UI for CRUD customer's delivery address management",	 2 files changed, 98 insertions(+), 33 deletions(-)	
"cd4a78d","PhenChua","Mon, 16 Oct 2023 23:39:56 +0700","Format code",	 1 file changed, 2 insertions(+), 2 deletions(-)	
"8d39865","PhenChua","Mon, 16 Oct 2023 23:39:46 +0700","Format code",	 1 file changed, 3 insertions(+), 1 deletion(-)	
"d237a59","PhenChua","Mon, 16 Oct 2023 23:39:37 +0700","Add new exceptions for CRUD customer's delivery address",	 3 files changed, 127 insertions(+), 41 deletions(-)	
"33834a2","PhenChua","Mon, 16 Oct 2023 23:33:22 +0700","Add new method to delete a list of order detail",	 1 file changed, 36 insertions(+), 2 deletions(-)	
"f655158","PhenChua","Mon, 16 Oct 2023 23:32:54 +0700","Update method logic",	 1 file changed, 1 insertion(+)	
"9541027","PhenChua","Mon, 16 Oct 2023 23:32:21 +0700","Add new method to delete delivery address by id",	 1 file changed, 20 insertions(+)	
"5eef5be","PhenChua","Mon, 16 Oct 2023 23:31:52 +0700","CRUD for Customer's delivery address management",	 1 file changed, 271 insertions(+), 29 deletions(-)	
"812fc2f","Carl-Johnsons","Mon, 16 Oct 2023 23:21:06 +0700","done read product List in Admin",	 6 files changed, 187 insertions(+), 147 deletions(-)	
"5ed7379","Quốc Zương","Sun, 15 Oct 2023 22:44:23 +0700","done update employee, update customer is coming",	 374 files changed, 76952 insertions(+), 323 deletions(-)	
"baa23d0","Quốc Zương","Sun, 15 Oct 2023 19:32:39 +0700","add isExistEmail in UserDAO",	 4 files changed, 37 insertions(+), 7 deletions(-)	
"881529e","Quốc Zương","Sun, 15 Oct 2023 19:32:08 +0700","Fix some SQL bug in EmployeeDAO",	 1 file changed, 33 insertions(+), 34 deletions(-)	
"8c21b27","Quốc Zương","Sun, 15 Oct 2023 19:31:42 +0700","update employee",	 1 file changed, 604 insertions(+), 534 deletions(-)	
"925dd8a","Quốc Zương","Sun, 15 Oct 2023 08:35:33 +0700","update UI for update user",	 2 files changed, 14 insertions(+), 1 deletion(-)	
"79d120b","Quốc Zương","Sun, 15 Oct 2023 06:59:55 +0700","done update UI for customer and employee",	 5 files changed, 139 insertions(+), 89 deletions(-)	
"bdd6dd3","Quốc Zương","Sun, 15 Oct 2023 04:49:34 +0700","fix dropdown bug in homepage",	 9 files changed, 436 insertions(+), 37 deletions(-)	
"b0cccb3","lebathinh2003","Sat, 14 Oct 2023 20:29:29 +0700","change",	 3 files changed, 9 insertions(+), 8 deletions(-)	
"4435cb9","lebathinh2003","Sat, 14 Oct 2023 20:12:27 +0700","checkout, checkout cart",	 13 files changed, 396 insertions(+), 71 deletions(-)	
"86269fe","PhenChua","Sat, 14 Oct 2023 19:40:03 +0700","Update address list and address update form",	 1 file changed, 71 insertions(+), 42 deletions(-)	
"5924393","PhenChua","Sat, 14 Oct 2023 19:39:34 +0700","Modify some methods' logic",	 1 file changed, 10 insertions(+), 11 deletions(-)	
"e03747c","PhenChua","Sat, 14 Oct 2023 19:39:13 +0700","Add new customer address update routing, add new method updateCustomerAddress",	 1 file changed, 242 insertions(+), 198 deletions(-)	
"8330155","PhenChua","Sat, 14 Oct 2023 19:01:12 +0700","Add new generateDateTime method",	 1 file changed, 11 insertions(+), 2 deletions(-)	
"43e5660","PhenChua","Sat, 14 Oct 2023 19:00:53 +0700","Update way of inserting datetime property",	 2 files changed, 38 insertions(+), 16 deletions(-)	
"605d1cb","PhenChua","Sat, 14 Oct 2023 18:38:05 +0700","Add new property for data model",	 2 files changed, 24 insertions(+), 8 deletions(-)	
"4191dfa","PhenChua","Sat, 14 Oct 2023 17:22:14 +0700","Update new database schema",	 1 file changed, 2 insertions(+), 1 deletion(-)	
"bd24001","PhenChua","Sat, 14 Oct 2023 15:31:44 +0700","Update link for product list",	 1 file changed, 2 insertions(+), 2 deletions(-)	
"0dd4646","lebathinh2003","Sat, 14 Oct 2023 14:53:15 +0700","xoa user create success",	 3 files changed, 14 insertions(+), 10 deletions(-)	
"228798f","PhenChua","Fri, 13 Oct 2023 20:56:42 +0700","Update address list",	 5 files changed, 724 insertions(+), 621 deletions(-)	
"b1c0269","Quốc Zương","Fri, 13 Oct 2023 15:14:36 +0700","done delete and restore user",	 1 file changed, 1 insertion(+), 1 deletion(-)	
"ad97d15","Quốc Zương","Fri, 13 Oct 2023 15:13:10 +0700","fix bug updateUser in UserDAO",	 3 files changed, 109 insertions(+), 73 deletions(-)	
"2ca7cfb","Quốc Zương","Fri, 13 Oct 2023 15:12:30 +0700","add updateEmployeeRetireDate, disableEmployee and restoreEmployee",	 1 file changed, 52 insertions(+), 1 deletion(-)	
"67d6cc5","PhenChua","Fri, 13 Oct 2023 02:10:24 +0700","Fix small mistake",	 1 file changed, 4 insertions(+), 3 deletions(-)	
"71798ca","PhenChua","Fri, 13 Oct 2023 02:09:56 +0700","Add customerFactory, refactor other methods",	 1 file changed, 114 insertions(+), 82 deletions(-)	
"341e075","PhenChua","Fri, 13 Oct 2023 02:09:20 +0700","Adding the list of delivery address",	 2 files changed, 145 insertions(+), 34 deletions(-)	
"c72e82e","Carl-Johnsons","Thu, 12 Oct 2023 21:12:06 +0700","merge conflict resolved",	 4 files changed, 148 insertions(+), 145 deletions(-)	
"26b2c43","lebathinh2003","Thu, 12 Oct 2023 16:56:57 +0700","checkout ui, checkout backend",	 9 files changed, 275 insertions(+), 98 deletions(-)	
"0280cc3","Carl-Johnsons","Thu, 12 Oct 2023 15:17:35 +0700","Update ExceptionUtils and refactor Exception error in JSP page",	 6 files changed, 207 insertions(+), 113 deletions(-)	
"65621a5","Quốc Zương","Thu, 12 Oct 2023 10:25:30 +0700","done see detail user's information",	 5 files changed, 505 insertions(+), 28 deletions(-)	
"f2b899f","Carl-Johnsons","Thu, 12 Oct 2023 10:15:11 +0700","Add and complete ExceptionUtils",	 20 files changed, 439 insertions(+), 294 deletions(-)	
"dd8546f","lebathinh2003","Tue, 10 Oct 2023 16:29:07 +0700","delete cart item, update cart item",	 5 files changed, 68 insertions(+), 51 deletions(-)	
"b190037","lebathinh2003","Tue, 10 Oct 2023 15:09:39 +0700","xong add va xem gio hang",	 13 files changed, 240 insertions(+), 142 deletions(-)	
"7c2f665","Carl-Johnsons","Tue, 10 Oct 2023 11:41:51 +0700","refactoring add product in admin controller",	 7 files changed, 151 insertions(+), 95 deletions(-)	
"9739375","Quốc Zương","Tue, 10 Oct 2023 11:40:25 +0700","done show list user",	 4 files changed, 123 insertions(+), 118 deletions(-)	
"f7dad37","lebathinh2003","Tue, 10 Oct 2023 10:46:55 +0700","add proc add to cart",	 1 file changed, 13 insertions(+), 18 deletions(-)	
"78574bb","lebathinh2003","Tue, 10 Oct 2023 10:19:29 +0700","fix importDAO importdetaiDAO voucherDAO",	 3 files changed, 86 insertions(+), 23 deletions(-)	
"dc049b8","PhenChua","Tue, 10 Oct 2023 01:51:28 +0700","Merge changes",	 1 file changed, 1 insertion(+), 1 deletion(-)	
"1976e92","PhenChua","Tue, 10 Oct 2023 01:50:16 +0700","Update scrollbar style",	 1 file changed, 299 insertions(+), 273 deletions(-)	
"687701e","Quốc Zương","Tue, 10 Oct 2023 01:19:53 +0700","update isAdmin for filter and update isAdmin in UserDAO",	 4 files changed, 40 insertions(+), 30 deletions(-)	
"586f896","PhenChua","Tue, 10 Oct 2023 00:56:27 +0700","Add comment",	 1 file changed, 48 insertions(+), 43 deletions(-)	
"3af1953","PhenChua","Tue, 10 Oct 2023 00:52:31 +0700","Add productFactory method",	 1 file changed, 65 insertions(+), 50 deletions(-)	
"86722aa","Quốc Zương","Tue, 10 Oct 2023 00:42:53 +0700","update isAdmin for filter",	 2 files changed, 23 insertions(+), 30 deletions(-)	
"848ed49","lebathinh2003","Tue, 10 Oct 2023 00:39:48 +0700","fix fillter",	 1 file changed, 34 insertions(+), 32 deletions(-)	
"7d5e475","lebathinh2003","Tue, 10 Oct 2023 00:18:46 +0700","fix bug",	 2 files changed, 22 insertions(+), 28 deletions(-)	
"67fd21d","Carl-Johnsons","Tue, 10 Oct 2023 00:12:23 +0700","fix product detail",	 3 files changed, 39 insertions(+), 20 deletions(-)	
"bf88503","PhenChua","Tue, 10 Oct 2023 00:12:06 +0700","add new isExistUsername method",	 1 file changed, 42 insertions(+), 25 deletions(-)	
"c55b86d","PhenChua","Tue, 10 Oct 2023 00:11:49 +0700","add new isAdmin method",	 1 file changed, 18 insertions(+)	
"d526c94","PhenChua","Tue, 10 Oct 2023 00:11:41 +0700","add new isCustomer method",	 1 file changed, 18 insertions(+)	
"02bcd83","PhenChua","Tue, 10 Oct 2023 00:11:21 +0700","Update config for VSCode java version compatibility",	 1 file changed, 12 insertions(+), 6 deletions(-)	
"9f0f00f","lebathinh2003","Mon, 9 Oct 2023 23:20:43 +0700","check login",	 3 files changed, 11 insertions(+), 9 deletions(-)	
"ce3ce64","Quốc Zương","Mon, 9 Oct 2023 23:04:27 +0700","fix error when user filter and click on product",	 2 files changed, 3 insertions(+), 3 deletions(-)	
"4d4181a","Quốc Zương","Mon, 9 Oct 2023 22:54:58 +0700","add interface for DeliveryAddressDAO",	 2 files changed, 198 insertions(+), 179 deletions(-)	
"8253a41","Carl-Johnsons","Mon, 9 Oct 2023 22:49:33 +0700","Fix product list work as intended",	 6 files changed, 542 insertions(+), 531 deletions(-)	
"8c8f40d","PhenChua","Mon, 9 Oct 2023 22:48:31 +0700","Update method logic",	 1 file changed, 19 insertions(+), 4 deletions(-)	
"4fbf314","Quốc Zương","Mon, 9 Oct 2023 22:47:39 +0700","update EmployeeDAO exception",	 1 file changed, 18 insertions(+)	
"a50d7b6","PhenChua","Mon, 9 Oct 2023 22:47:26 +0700","Refactor class, add delete, update methods",	 1 file changed, 216 insertions(+), 44 deletions(-)	
"df3fe1f","Quốc Zương","Mon, 9 Oct 2023 22:33:35 +0700","add addDeliveryAddress and getAll and deliveryAddressFactory in DeliveryAddressDAO",	 2 files changed, 80 insertions(+), 10 deletions(-)	
"6df5011","PhenChua","Mon, 9 Oct 2023 22:15:57 +0700","Change fields' names",	 1 file changed, 52 insertions(+), 10 deletions(-)	
"5cded0f","PhenChua","Mon, 9 Oct 2023 22:15:38 +0700","Delete unused imports",	 1 file changed, 2 deletions(-)	
"5be2c30","PhenChua","Mon, 9 Oct 2023 22:15:24 +0700","Change comment",	 1 file changed, 4 insertions(+), 3 deletions(-)	
"32bc26e","Quốc Zương","Mon, 9 Oct 2023 22:08:14 +0700","add delivery address model",	 2 files changed, 76 insertions(+)	
"ceee1b3","lebathinh2003","Mon, 9 Oct 2023 22:06:43 +0700","update voucher",	 2 files changed, 72 insertions(+)	
"23b8e9f","Quốc Zương","Mon, 9 Oct 2023 21:41:00 +0700","getCustomerByUserId",	 1 file changed, 22 insertions(+)	
"fc21e95","Carl-Johnsons","Mon, 9 Oct 2023 21:05:14 +0700","finish product list",	 16 files changed, 1621 insertions(+), 1516 deletions(-)	
"67d1baa","Carl-Johnsons","Mon, 9 Oct 2023 00:13:19 +0700","Update sql script for add employee",	 8 files changed, 128 insertions(+), 297 deletions(-)	
"f0c85b1","Carl-Johnsons","Sun, 8 Oct 2023 23:41:35 +0700","Solving conflict",	 4 files changed, 12 insertions(+), 126 deletions(-)	
"8430008","lebathinh2003","Sun, 8 Oct 2023 23:39:13 +0700","add import stash item, cart item",	 2 files changed, 2 insertions(+), 2 deletions(-)	
"fd26fd6","lebathinh2003","Sun, 8 Oct 2023 23:33:37 +0700","update improt, importdetail, voucher add cartitem, importstashitem",	 16 files changed, 892 insertions(+), 308 deletions(-)	
"4d06c49","Carl-Johnsons","Sun, 8 Oct 2023 23:28:35 +0700","Add logic for UserDAO and CustomerDAO",	 21 files changed, 308 insertions(+), 327 deletions(-)	
"a4dcb73","PhenChua","Sun, 8 Oct 2023 17:29:53 +0700","Add a new variation of updateOrderDetail that has a List as parameter",	 1 file changed, 35 insertions(+), 2 deletions(-)	
"8f7cd24","PhenChua","Sun, 8 Oct 2023 17:29:23 +0700","Update method",	 1 file changed, 1 insertion(+), 4 deletions(-)	
"12ed38a","PhenChua","Sun, 8 Oct 2023 17:23:26 +0700","Add new comments",	 1 file changed, 42 insertions(+), 2 deletions(-)	
"e5a1b2f","PhenChua","Sun, 8 Oct 2023 17:23:16 +0700","Modify comments",	 1 file changed, 26 insertions(+), 10 deletions(-)	
"1281431","PhenChua","Sun, 8 Oct 2023 17:23:02 +0700","refactor code",	 1 file changed, 5 insertions(+), 19 deletions(-)	
"357883b","Quốc Zương","Sun, 8 Oct 2023 17:22:48 +0700","add updateOrderDetail in OrderDetailDAO",	 1 file changed, 24 insertions(+), 3 deletions(-)	
"983a6fb","PhenChua","Sun, 8 Oct 2023 17:22:40 +0700","Update deleteOrder method",	 1 file changed, 9 insertions(+), 11 deletions(-)	
"5dc2838","PhenChua","Sun, 8 Oct 2023 16:59:00 +0700","add new enum",	 1 file changed, 5 insertions(+), 11 deletions(-)	
"7a97d7d","PhenChua","Sun, 8 Oct 2023 16:58:52 +0700","update method logic",	 1 file changed, 16 insertions(+)	
"2ef3a09","PhenChua","Sun, 8 Oct 2023 16:58:20 +0700","Fix some errors",	 1 file changed, 7 insertions(+), 5 deletions(-)	
"bcee7e2","PhenChua","Sun, 8 Oct 2023 16:51:57 +0700","Remove enum",	 1 file changed, 1 insertion(+), 6 deletions(-)	
"e3e9d86","PhenChua","Sun, 8 Oct 2023 16:51:48 +0700","Change method definition",	 1 file changed, 4 insertions(+), 11 deletions(-)	
"acfd556","PhenChua","Sun, 8 Oct 2023 16:51:31 +0700","Update getOrderDetail method",	 1 file changed, 4 insertions(+), 10 deletions(-)	
"c79ccfe","PhenChua","Sun, 8 Oct 2023 16:51:16 +0700","Comment out the old method",	 1 file changed, 47 insertions(+), 119 deletions(-)	
"3d530f9","PhenChua","Sun, 8 Oct 2023 16:50:42 +0700","Update more methods",	 1 file changed, 151 insertions(+), 24 deletions(-)	
"45d583f","Quốc Zương","Sun, 8 Oct 2023 16:49:42 +0700","update deleteOrderDetail in OrderDetailDAO",	 2 files changed, 20 insertions(+), 7 deletions(-)	
"86de942","Quốc Zương","Sun, 8 Oct 2023 16:28:55 +0700","add getOrderByCustomerId and getOrderByOrderId",	 2 files changed, 31 insertions(+), 41 deletions(-)	
"ba8f978","Quốc Zương","Sun, 8 Oct 2023 16:03:26 +0700","update deleteOrder from OrderDAO",	 2 files changed, 5 insertions(+), 4 deletions(-)	
"0d48d88","PhenChua","Sun, 8 Oct 2023 15:54:41 +0700","Remove unneccesary import",	 1 file changed, 1 deletion(-)	
"4058420","PhenChua","Sun, 8 Oct 2023 15:54:10 +0700","Change comment",	 1 file changed, 1 insertion(+), 1 deletion(-)	
"222bca4","PhenChua","Sun, 8 Oct 2023 15:51:11 +0700","Delete unnecessary method",	 1 file changed, 9 deletions(-)	
"7709fda","PhenChua","Sun, 8 Oct 2023 15:49:58 +0700","Update",	 1 file changed, 22 insertions(+), 10 deletions(-)	
"99f9dac","PhenChua","Sun, 8 Oct 2023 15:37:04 +0700","Add new methods",	 1 file changed, 5 insertions(+)	
"77bd1b7","PhenChua","Sun, 8 Oct 2023 15:36:49 +0700","Remove unneccesary comments",	 1 file changed, 8 deletions(-)	
"31d5c03","PhenChua","Sun, 8 Oct 2023 15:36:21 +0700","Add new DAO",	 1 file changed, 173 insertions(+), 2 deletions(-)	
"1704c12","PhenChua","Sun, 8 Oct 2023 14:12:09 +0700","Add new interface to support OrderDetailDAO.java",	 1 file changed, 30 insertions(+)	
"e47462a","PhenChua","Sun, 8 Oct 2023 14:11:42 +0700","Add some methods, change comments",	 1 file changed, 20 insertions(+), 4 deletions(-)	
"31b24bc","PhenChua","Sun, 8 Oct 2023 14:11:17 +0700","Remove sql string that contain variables",	 1 file changed, 41 insertions(+), 13 deletions(-)	
"de6054e","lebathinh2003","Sun, 8 Oct 2023 01:20:29 +0700","xong voucher va voucher DAO",	 4 files changed, 214 insertions(+), 5 deletions(-)	
"285ceef","PhenChua","Sun, 8 Oct 2023 01:20:05 +0700","Create this new class to serve Order class",	 1 file changed, 79 insertions(+)	
"581aed6","PhenChua","Sun, 8 Oct 2023 01:19:25 +0700","Update fields",	 1 file changed, 141 insertions(+), 20 deletions(-)	
"2cf362c","PhenChua","Sun, 8 Oct 2023 01:18:33 +0700","Update more methods and contants",	 1 file changed, 112 insertions(+)	
"3f0b484","PhenChua","Sun, 8 Oct 2023 01:18:13 +0700","Create the class",	 1 file changed, 5 insertions(+)	
"390c931","PhenChua","Sun, 8 Oct 2023 01:17:59 +0700","Update some methods",	 1 file changed, 61 insertions(+), 22 deletions(-)	
"04d6d1a","PhenChua","Sun, 8 Oct 2023 01:17:32 +0700","Delete unnecessary comments",	 7 files changed, 56 deletions(-)	
"f52d8a9","Quốc Zương","Sun, 8 Oct 2023 00:50:04 +0700","update EmployeeDAO #3 and add IEmployeeDAO",	 3 files changed, 93 insertions(+), 16 deletions(-)	
"bbc4e42","Carl-Johnsons","Sun, 8 Oct 2023 00:16:46 +0700","Update database script",	 3 files changed, 427 insertions(+), 616 deletions(-)	
"ceabd6b","Quốc Zương","Sat, 7 Oct 2023 23:45:41 +0700","update EmployeeDAO #2",	 4 files changed, 412 insertions(+), 136 deletions(-)	
"0e42463","Carl-Johnsons","Sat, 7 Oct 2023 23:21:17 +0700","add Import Stash in the db",	 3 files changed, 248 insertions(+), 302 deletions(-)	
"9819d55","Carl-Johnsons","Sat, 7 Oct 2023 22:36:54 +0700","update order table",	 3 files changed, 10 insertions(+), 18 deletions(-)	
"32547ec","PhenChua","Sat, 7 Oct 2023 22:12:30 +0700","Update access modifier for contants",	 1 file changed, 8 insertions(+), 12 deletions(-)	
"6c33bdb","PhenChua","Sat, 7 Oct 2023 21:57:44 +0700","Update all the methods' comments",	 1 file changed, 160 insertions(+), 22 deletions(-)	
"f8f3eeb","PhenChua","Sat, 7 Oct 2023 21:57:10 +0700","Change import position",	 1 file changed, 2 insertions(+), 1 deletion(-)	
"251a383","PhenChua","Sat, 7 Oct 2023 21:56:57 +0700","Move all methods' comments into IUserDAO",	 1 file changed, 4 insertions(+), 35 deletions(-)	
"e87c077","PhenChua","Sat, 7 Oct 2023 21:56:13 +0700","Change import position",	 1 file changed, 3 insertions(+), 2 deletions(-)	
"f03802a","PhenChua","Sat, 7 Oct 2023 21:55:57 +0700","Change import position",	 1 file changed, 2 insertions(+), 1 deletion(-)	
"24511cf","PhenChua","Sat, 7 Oct 2023 21:55:25 +0700","Update UserDAO",	 1 file changed, 3 insertions(+), 2 deletions(-)	
"56ba5f7","Carl-Johnsons","Sat, 7 Oct 2023 21:14:37 +0700","Add Interface IUserDAO",	 5 files changed, 265 insertions(+), 311 deletions(-)	
"913a0c1","PhenChua","Sat, 7 Oct 2023 20:34:16 +0700","Update UserDAO",	 3 files changed, 59 insertions(+), 99 deletions(-)	
"de278ae","Carl-Johnsons","Sat, 7 Oct 2023 17:15:47 +0700","move interface to another folder",	 10 files changed, 10 insertions(+), 5 deletions(-)	
"51417dc","Carl-Johnsons","Sat, 7 Oct 2023 16:34:40 +0700","Refactoring productDAO",	 2 files changed, 79 insertions(+), 83 deletions(-)	
"f6198b0","PhenChua","Sat, 7 Oct 2023 16:32:16 +0700","Refactoring UserDAO",	 4 files changed, 115 insertions(+), 95 deletions(-)	
"f91d2ce","Carl-Johnsons","Sat, 7 Oct 2023 15:01:26 +0700","Done refactoring brand and product except getProductByOrderID",	 10 files changed, 353 insertions(+), 488 deletions(-)	
"4968526","Carl-Johnsons","Sat, 7 Oct 2023 02:32:16 +0700","Done partial of ProductDAO",	 1 file changed, 102 insertions(+), 75 deletions(-)	
"6953909","Quốc Zương","Sat, 7 Oct 2023 02:16:41 +0700","update EmployeeDAO",	 1 file changed, 2 insertions(+), 1 deletion(-)	
"587f4a2","Quốc Zương","Sat, 7 Oct 2023 02:15:49 +0700","update EmployeeDAO",	 2 files changed, 80 insertions(+), 2 deletions(-)	
"96a2e47","lebathinh2003","Sat, 7 Oct 2023 02:08:42 +0700","xong import va import detail",	 6 files changed, 524 insertions(+)	
"fb5644f","Carl-Johnsons","Sat, 7 Oct 2023 01:37:16 +0700","Add stockDAO",	 5 files changed, 151 insertions(+), 26 deletions(-)	
"156c856","Carl-Johnsons","Sat, 7 Oct 2023 00:47:19 +0700","Update BrandDAO and interface IBrandDAO",	 5 files changed, 110 insertions(+), 80 deletions(-)	
"fd19ae3","Quốc Zương","Sat, 7 Oct 2023 00:19:42 +0700","update UserDAO",	 1 file changed, 55 insertions(+), 57 deletions(-)	
"5166795","PhenChua","Fri, 6 Oct 2023 23:51:42 +0700","Add new Voucher class",	 1 file changed, 80 insertions(+)	
"23d3180","PhenChua","Fri, 6 Oct 2023 23:51:21 +0700","Reformatting",	 1 file changed, 8 deletions(-)	
"c58c99b","PhenChua","Fri, 6 Oct 2023 23:50:16 +0700","Delete weak entity",	 1 file changed, 60 deletions(-)	
"ff0fa4a","PhenChua","Fri, 6 Oct 2023 23:48:35 +0700","Modify fields and methods",	 1 file changed, 59 insertions(+), 45 deletions(-)	
"35e1c7e","PhenChua","Fri, 6 Oct 2023 23:48:06 +0700","Rename field, delete constructor, remove "sum" field",	 1 file changed, 10 insertions(+), 30 deletions(-)	
"74dd119","PhenChua","Fri, 6 Oct 2023 23:47:15 +0700","Delete Brand class's constructor, rename field",	 1 file changed, 5 insertions(+), 16 deletions(-)	
"a4abffa","PhenChua","Fri, 6 Oct 2023 23:46:34 +0700","Update Admin class formatting",	 2 files changed, 2 insertions(+), 3 deletions(-)	
"d0f9ce4","Quốc Zương","Fri, 6 Oct 2023 23:24:29 +0700","update inventory manager model",	 1 file changed, 2 insertions(+)	
"542baed","Quốc Zương","Fri, 6 Oct 2023 23:23:27 +0700","add model Product_Activity_Log Employee_Role",	 2 files changed, 73 insertions(+)	
"674893b","Carl-Johnsons","Fri, 6 Oct 2023 23:17:17 +0700","Change version of maven from 1.8 back to 1.7",	 1 file changed, 2 insertions(+), 2 deletions(-)	
"27abc9c","Carl-Johnsons","Fri, 6 Oct 2023 23:16:05 +0700","Modified Product, Brand. Add new class in Lib",	 9 files changed, 866 insertions(+), 1101 deletions(-)	
"00d7b72","Quốc Zương","Fri, 6 Oct 2023 23:05:59 +0700","update model User, Employee, Admin, Customer, Order_Manager, Inventory_Manager",	 6 files changed, 210 insertions(+), 78 deletions(-)	
"32e504f","lebathinh2003","Sat, 30 Sep 2023 22:24:59 +0700","xong search and filter order va order detail",	 8 files changed, 1139 insertions(+), 234 deletions(-)	
"cae11c1","Quốc Zương","Sat, 30 Sep 2023 22:15:31 +0700","completed restore customer account",	 16 files changed, 1592 insertions(+)	
"2965c57","Quốc Zương","Sat, 30 Sep 2023 21:53:29 +0700","completed update user information by user",	 17 files changed, 2227 insertions(+)	
"4446e38","Carl-Johnsons","Sat, 30 Sep 2023 21:20:56 +0700","Add sql for Customer List",	 1 file changed, 9 insertions(+)	
"96646f6","PhenChua","Sat, 30 Sep 2023 21:15:23 +0700","Add more diagrams",	 7 files changed, 653 insertions(+)	
"42f3eac","Carl-Johnsons","Sat, 30 Sep 2023 20:54:00 +0700","add sequence diagram for Update employee",	 2 files changed, 270 insertions(+)	
"3c08340","PhenChua","Sat, 30 Sep 2023 20:28:42 +0700","Add Customer List diagrams",	 2 files changed, 15 insertions(+), 15 deletions(-)	
"d105b5d","PhenChua","Sat, 30 Sep 2023 17:15:39 +0700","Update sequence diagram",	 1 file changed, 1 insertion(+), 1 deletion(-)	
"3623e78","PhenChua","Sat, 30 Sep 2023 16:43:29 +0700","Update sequence diagram",	 1 file changed, 43 insertions(+), 23 deletions(-)	
"c520b66","PhenChua","Sat, 30 Sep 2023 16:31:17 +0700","Update sequence diagram",	 1 file changed, 159 insertions(+), 117 deletions(-)	
"5800c64","PhenChua","Sat, 30 Sep 2023 16:30:17 +0700","Add pre-existing files",	 5 files changed, 803 insertions(+)	
"8206363","PhenChua","Sat, 30 Sep 2023 16:28:30 +0700","Change folder name",	 5 files changed, 803 deletions(-)	
"c885a98","lebathinh2003","Sat, 30 Sep 2023 16:07:40 +0700","check login",	 4 files changed, 234 insertions(+), 353 deletions(-)	
"49928fc","Carl-Johnsons","Sat, 30 Sep 2023 16:05:19 +0700","fix login",	 4 files changed, 381 insertions(+), 384 deletions(-)	
"77ca4e7","Carl-Johnsons","Sat, 30 Sep 2023 15:48:48 +0700","modified database schema",	 7 files changed, 42 insertions(+), 26 deletions(-)	
"06fa147","Quốc Zương","Sat, 30 Sep 2023 15:35:26 +0700","completed delete product in cart",	 17 files changed, 1508 insertions(+)	
"17cb539","Carl-Johnsons","Sat, 30 Sep 2023 15:18:25 +0700","Complete Add Employee and modified newDatabase.sql",	 8 files changed, 742 insertions(+), 18 deletions(-)	
"f6a4d9a","Carl-Johnsons","Sat, 30 Sep 2023 11:10:59 +0700","Complete Search and Filter Employee",	 7 files changed, 241 insertions(+), 72 deletions(-)	
"fa9ed24","Carl-Johnsons","Sat, 30 Sep 2023 09:37:37 +0700",".obisidian is modified",	 1 file changed, 1 insertion(+), 1 deletion(-)	
"217fefd","Quốc Zương","Sat, 30 Sep 2023 01:42:21 +0700","completed code design update quantity of product in cart",	 15 files changed, 353 insertions(+), 85 deletions(-)	
"ed54ebc","lebathinh2003","Sat, 30 Sep 2023 01:15:51 +0700","xong update product",	 8 files changed, 1138 insertions(+), 601 deletions(-)	
"364ab03","PhenChua","Sat, 30 Sep 2023 00:51:23 +0700","Update new diagram",	 1 file changed, 64 insertions(+), 39 deletions(-)	
"c5cfef3","Carl-Johnsons","Sat, 30 Sep 2023 00:50:58 +0700","add function Employee List",	 4 files changed, 106 insertions(+), 10 deletions(-)	
"d9af081","Quốc Zương","Sat, 30 Sep 2023 00:41:41 +0700","update database_queries",	 15 files changed, 1232 insertions(+)	
"1ffb3f5","PhenChua","Sat, 30 Sep 2023 00:25:47 +0700","Update new diagram",	 2 files changed, 165 insertions(+), 71 deletions(-)	
"3fcd3c9","Carl-Johnsons","Sat, 30 Sep 2023 00:17:06 +0700","Completed add to cart function",	 4 files changed, 290 insertions(+), 20 deletions(-)	
"f0b8fbd","Quốc Zương","Sat, 30 Sep 2023 00:05:18 +0700","update delete and restore product for admin",	 25 files changed, 1514 insertions(+), 32 deletions(-)	
"2a360ae","PhenChua","Fri, 29 Sep 2023 23:00:51 +0700","Update class name",	 1 file changed, 106 insertions(+), 106 deletions(-)	
"ecafbc5","PhenChua","Fri, 29 Sep 2023 22:56:40 +0700","Update new diagram",	 4 files changed, 626 insertions(+), 607 deletions(-)	
"47eaa03","lebathinh2003","Fri, 29 Sep 2023 22:27:25 +0700","hoan thien add product",	 2 files changed, 58 insertions(+), 294 deletions(-)	
"b48cd69","Carl-Johnsons","Fri, 29 Sep 2023 22:02:02 +0700","create add to cart",	 14 files changed, 289 insertions(+), 629 deletions(-)	
"62ba865","PhenChua","Fri, 29 Sep 2023 20:56:00 +0700","Update new diagram",	 1 file changed, 497 insertions(+), 497 deletions(-)	
"9e4f62f","PhenChua","Fri, 29 Sep 2023 20:55:20 +0700","Update new diagram",	 3 files changed, 323 insertions(+), 46 deletions(-)	
"dec13e7","Quốc Zương","Fri, 29 Sep 2023 20:48:27 +0700","update function forgot password",	 13 files changed, 1577 insertions(+), 229 deletions(-)	
"3a5eabd","lebathinh2003","Fri, 29 Sep 2023 18:22:56 +0700","xong add product",	 2 files changed, 833 insertions(+)	
"5eae33d","Carl-Johnsons","Fri, 29 Sep 2023 18:07:04 +0700","Complete function view product detail",	 9 files changed, 439 insertions(+), 11 deletions(-)	
"7cb43e8","PhenChua","Fri, 29 Sep 2023 16:38:52 +0700","Update new entity",	 2 files changed, 96 insertions(+), 17 deletions(-)	
"652aa09","Carl-Johnsons","Fri, 29 Sep 2023 15:47:14 +0700","Done function search and filter product",	 13 files changed, 694 insertions(+), 72 deletions(-)	
"3ff9b08","Carl-Johnsons","Thu, 28 Sep 2023 17:08:17 +0700","done Function_Register",	 12 files changed, 679 insertions(+), 194 deletions(-)	
"9469d91","Carl-Johnsons","Thu, 28 Sep 2023 13:15:56 +0700","modified register sequence and class diagram",	 4 files changed, 442 insertions(+), 45 deletions(-)	
"b3077fe","PhenChua","Thu, 28 Sep 2023 00:10:39 +0700","Add class diagram for function 9",	 2 files changed, 59 insertions(+)	
"5b62aab","Quốc Zương","Thu, 28 Sep 2023 00:08:31 +0700","code design for forgot password",	 8 files changed, 930 insertions(+), 182 deletions(-)	
"12f58aa","Carl-Johnsons","Wed, 27 Sep 2023 23:55:25 +0700","Add sequence diagram in register",	 1 file changed, 72 insertions(+), 25 deletions(-)	
"ae3194e","lebathinh2003","Wed, 27 Sep 2023 23:06:11 +0700","ok",	 2 files changed, 767 insertions(+), 767 deletions(-)	
"f180027","Carl-Johnsons","Wed, 27 Sep 2023 23:02:06 +0700","Add login and register folder in SDS",	 8 files changed, 463 insertions(+), 182 deletions(-)	
"b22c7d2","lebathinh2003","Wed, 27 Sep 2023 00:37:32 +0700","1.login function sds",	 2 files changed, 444 insertions(+)	
"d68ae00","Carl-Johnsons","Tue, 26 Sep 2023 23:32:29 +0700","Add use case diagram",	 12 files changed, 1174 insertions(+), 115 deletions(-)	
"f9caab1","Carl-Johnsons","Tue, 26 Sep 2023 16:33:49 +0700","Add Use case diagram",	 10 files changed, 995 insertions(+), 58 deletions(-)	
"ae06425","PhenChua","Mon, 25 Sep 2023 23:38:10 +0700","Delete test.txt",	 1 file changed, 3 deletions(-)	
"c768fae","PhenChua","Mon, 25 Sep 2023 23:37:48 +0700","Delete test.txt",	 1 file changed, 3 deletions(-)	
"b19251f","PhenChua","Mon, 25 Sep 2023 23:24:02 +0700","Update DataManager, now it will fetch DB's information from a file instead.",	 5 files changed, 785 insertions(+), 734 deletions(-)	
"1ca1191","PhenChua","Mon, 25 Sep 2023 18:09:50 +0700","Creating testing file",	 1 file changed, 3 insertions(+)	
"6135d02","PhenChua","Mon, 25 Sep 2023 18:09:21 +0700","Creating testing file",	 1 file changed, 3 insertions(+)	
"6256767","Carl-Johnsons","Sun, 24 Sep 2023 01:30:42 +0700","Update new database, add newDatabase.sql script",	 4 files changed, 615 insertions(+), 143 deletions(-)	
"b99dc87","PhenChua","Sat, 23 Sep 2023 23:55:25 +0700","Added new sql script",	 3 files changed, 315 insertions(+), 90 deletions(-)	
"a7447f0","Quốc Zương","Sat, 23 Sep 2023 23:54:42 +0700","update erd",	 3 files changed, 254 insertions(+), 215 deletions(-)	
"8cb6419","Carl-Johnsons","Sat, 23 Sep 2023 23:08:26 +0700","Update database schema",	 3 files changed, 63 insertions(+), 22 deletions(-)	
"2cefc64","PhenChua","Sat, 23 Sep 2023 18:07:46 +0700","Update obsidian settings",	 3 files changed, 6 insertions(+), 7 deletions(-)	
"4db10bc","Carl-Johnsons","Sat, 23 Sep 2023 18:00:52 +0700","add obsidian setting",	 42 files changed, 53386 insertions(+), 401 deletions(-)	
"8585fdf","Quốc Zương","Sat, 23 Sep 2023 17:57:00 +0700","update screenflow for order manager",	 4 files changed, 648 insertions(+), 1 deletion(-)	
"ce2d900","Quốc Zương","Sat, 23 Sep 2023 16:57:08 +0700","export package diagram image",	 3 files changed, 2 insertions(+), 2 deletions(-)	
"d887179","PhenChua","Sat, 23 Sep 2023 16:51:55 +0700","Update customer's screen flow",	 1 file changed, 223 insertions(+)	
"af7f2b6","Quốc Zương","Sat, 23 Sep 2023 16:28:08 +0700","add CodePackageDiagram",	 2 files changed, 2 insertions(+)	
"000052f","Carl-Johnsons","Sat, 23 Sep 2023 15:40:40 +0700","Update erd",	 3 files changed, 748 insertions(+), 155 deletions(-)	
"af413b9","Quốc Zương","Fri, 22 Sep 2023 23:35:49 +0700","remove all .DS_Store file",	 21 files changed, 0 insertions(+), 0 deletions(-)	
"36c0292","Quốc Zương","Fri, 22 Sep 2023 23:32:51 +0700","update gitignore",	 1 file changed, 1 insertion(+), 1 deletion(-)	
"46ff93e","Quốc Zương","Fri, 22 Sep 2023 23:27:15 +0700","remove all .DS_Store file",	 2 files changed, 2 insertions(+), 1 deletion(-)	
"2b6104a","Quốc Zương","Fri, 22 Sep 2023 23:09:32 +0700","update screenflow",	 20 files changed, 12 insertions(+), 1141 deletions(-)	
"72a7de2","PhenChua","Fri, 22 Sep 2023 22:06:18 +0700","Add init database file",	 1 file changed, 164 insertions(+)	
"1deed89","PhenChua","Fri, 22 Sep 2023 22:04:27 +0700","Update product list link",	 2 files changed, 5 insertions(+), 5 deletions(-)	
"9fa1c3b","Carl-Johnsons","Fri, 22 Sep 2023 17:22:50 +0700","Add folder SRS",	 7 files changed, 1654 insertions(+)	
"9ea2ed8","Quốc Zương","Fri, 15 Sep 2023 14:55:43 +0700","add DataManager.java",	 2 files changed, 266 insertions(+), 2 deletions(-)	
"08e37cc","Quốc Zương","Fri, 15 Sep 2023 14:52:30 +0700","stop tracking DataManager.java",	 1 file changed, 265 deletions(-)	
"9fd6374","Quốc Zương","Fri, 15 Sep 2023 14:46:14 +0700","add git ignore for DataManager.java",	 5 files changed, 404 insertions(+), 217 deletions(-)	
"bd48efa","Carl-Johnsons","Tue, 5 Sep 2023 22:35:20 +0700","add requirement.txt",	 21 files changed, 2035 insertions(+), 2319 deletions(-)	
"2dcac8d","Carl-Johnsons","Tue, 5 Sep 2023 20:29:41 +0700","add document folder",	 4 files changed, 550 insertions(+), 9 deletions(-)	
"536c1c2","Quốc Zương","Tue, 18 Jul 2023 08:27:46 +0700","Update homePage.jsp",	 1 file changed, 2 insertions(+), 2 deletions(-)	
"8b15299","PhenChua","Tue, 18 Jul 2023 03:15:03 +0700","fix small bugs",	 5 files changed, 353 insertions(+), 333 deletions(-)	
"92f6dfa","Carl-Johnsons","Tue, 18 Jul 2023 02:09:28 +0700","fix all navbar",	 19 files changed, 432 insertions(+), 119 deletions(-)	
"0c3b7ce","Carl-Johnsons","Tue, 18 Jul 2023 00:55:26 +0700","fix some bugs",	 12 files changed, 1679 insertions(+), 830 deletions(-)	
"28f6937","Carl-Johnsons","Mon, 17 Jul 2023 23:25:44 +0700","add placeholder for SDT",	 2 files changed, 2 insertions(+), 2 deletions(-)	
"abc4843","Carl-Johnsons","Mon, 17 Jul 2023 23:01:23 +0700","throw exception in Update Adress in Client Controoler",	 6 files changed, 108 insertions(+), 88 deletions(-)	
"0667144","PhenChua","Mon, 17 Jul 2023 21:57:35 +0700","Fix small bug with user cookie",	 3 files changed, 219 insertions(+), 205 deletions(-)	
"e5f3f28","Carl-Johnsons","Mon, 17 Jul 2023 21:12:46 +0700","update Muc do hoan thanh and add some work in README.md",	 1 file changed, 116 insertions(+), 46 deletions(-)	
"f78e346","Carl-Johnsons","Mon, 17 Jul 2023 21:11:11 +0700","update README.md",	 10 files changed, 180 insertions(+), 5 deletions(-)	
"682745f","Carl-Johnsons","Mon, 17 Jul 2023 18:59:15 +0700","fix c:if c:when that has double quote change into single quote to avoid parser error",	 12 files changed, 28 insertions(+), 26 deletions(-)	
"5f57cf1","Carl-Johnsons","Mon, 17 Jul 2023 18:17:50 +0700","fix upload image button",	 5 files changed, 250 insertions(+), 195 deletions(-)	
"6b4b98a","Carl-Johnsons","Mon, 17 Jul 2023 01:22:41 +0700","fix upload image in /Admin/Product/Add.",	 3 files changed, 30 insertions(+), 22 deletions(-)	
"8e98d5c","Carl-Johnsons","Mon, 17 Jul 2023 00:57:46 +0700","fix css",	 16 files changed, 451 insertions(+), 438 deletions(-)	
"540425f","Carl-Johnsons","Sun, 16 Jul 2023 23:16:17 +0700","reopen login cache. Failed to fix",	 39 files changed, 1763 insertions(+), 249 deletions(-)	
"258c522","Carl-Johnsons","Sun, 16 Jul 2023 18:29:27 +0700","delete cookie when admin set him-self to client",	 27 files changed, 936 insertions(+), 560 deletions(-)	
"4c8be42","Carl-Johnsons","Sun, 16 Jul 2023 15:40:02 +0700","throw exception in Admin update user",	 26 files changed, 519 insertions(+), 359 deletions(-)	
"e4fc9ec","Carl-Johnsons","Fri, 14 Jul 2023 00:51:09 +0700","search in Product/List function fixed. No Product Found added in Product/List",	 15 files changed, 583 insertions(+), 139 deletions(-)	
"6133b72","Carl-Johnsons","Thu, 13 Jul 2023 23:02:26 +0700","add suggested product in product detail",	 5 files changed, 380 insertions(+), 196 deletions(-)	
"12a8fa0","Carl-Johnsons","Thu, 13 Jul 2023 22:34:57 +0700","fix client checkout when there is no product is cart",	 12 files changed, 712 insertions(+), 447 deletions(-)	
"82b6343","Quốc Zương","Thu, 13 Jul 2023 20:35:05 +0700","add action for button in account page",	 3 files changed, 33 insertions(+), 5 deletions(-)	
"bdcad88","Carl-Johnsons","Thu, 13 Jul 2023 19:25:23 +0700","add Order's Detail and Detail for Client in ADMIN_PAGE",	 4 files changed, 168 insertions(+), 50 deletions(-)	
"0fdf3a4","Carl-Johnsons","Thu, 13 Jul 2023 18:25:25 +0700","Update filter send Error 403 for some url",	 10 files changed, 151 insertions(+), 102 deletions(-)	
"40e0bae","Quốc Zương","Thu, 13 Jul 2023 17:46:30 +0700","add plugin zooom image in detail.jsp page",	 17 files changed, 2911 insertions(+), 24 deletions(-)	
"ca47e6c","Quốc Zương","Thu, 13 Jul 2023 17:05:25 +0700","add hover for add to cart btn, checkout btn, back to home btn",	 4 files changed, 25 insertions(+), 41 deletions(-)	
"a8ec05a","Quốc Zương","Thu, 13 Jul 2023 16:42:07 +0700","center for icon in homepage's header",	 3 files changed, 3 insertions(+), 5 deletions(-)	
"e920d14","Quốc Zương","Thu, 13 Jul 2023 16:27:56 +0700","fix button back to home in cart page",	 5 files changed, 392 insertions(+), 384 deletions(-)	
"622113b","Quốc Zương","Thu, 13 Jul 2023 15:26:43 +0700","fix font for checkout page",	 2 files changed, 6 insertions(+), 1 deletion(-)	
"fd7abf3","Quốc Zương","Thu, 13 Jul 2023 08:13:11 +0700","hide icon or hide all td when there are no info or info equal null",	 2 files changed, 18 insertions(+), 4 deletions(-)	
"7ca40d5","Carl-Johnsons","Thu, 13 Jul 2023 07:59:31 +0700","Update interface for update user and paging in user list",	 17 files changed, 902 insertions(+), 799 deletions(-)	
"5c9e885","Quốc Zương","Thu, 13 Jul 2023 07:40:22 +0700","add try catch when user try to input invalid path in /Product/List/BrandID/",	 1 file changed, 8 insertions(+), 2 deletions(-)	
"36003ee","Quốc Zương","Thu, 13 Jul 2023 07:22:52 +0700","add 403 page",	 2 files changed, 60 insertions(+)	
"456e57d","Quốc Zương","Wed, 12 Jul 2023 08:49:52 +0700","add subscribe for all page",	 14 files changed, 720 insertions(+), 732 deletions(-)	
"a6ad972","Carl-Johnsons","Wed, 12 Jul 2023 00:16:13 +0700","add username change email and fix Admin/ and Client/User jquery Validation",	 14 files changed, 1566 insertions(+), 883 deletions(-)	
"ab10575","Quốc Zương","Tue, 11 Jul 2023 19:26:13 +0700","Update README.md",	 1 file changed, 1 insertion(+)	
"c08c515","Carl-Johnsons","Tue, 11 Jul 2023 11:48:23 +0700","Add list of work in the README.md",	 1 file changed, 48 insertions(+)	
"fc49c93","PhenChua","Mon, 10 Jul 2023 23:23:43 +0700","Fix bugs",	 1 file changed, 3 insertions(+), 7 deletions(-)	
"920b208","PhenChua","Mon, 10 Jul 2023 23:14:34 +0700","Fix bugs",	 39 files changed, 2016 insertions(+), 8140 deletions(-)	
"a8bb0a8","Carl-Johnsons","Sun, 9 Jul 2023 02:12:58 +0700","Finishing email sender",	 3 files changed, 49 insertions(+), 18 deletions(-)	
"e476cd9","Carl-Johnsons","Sun, 9 Jul 2023 01:27:54 +0700","add more notification when change password/email",	 13 files changed, 612 insertions(+), 727 deletions(-)	
"4920728","Carl-Johnsons","Sun, 9 Jul 2023 00:21:29 +0700","Add sending mail functionality",	 13 files changed, 2194 insertions(+), 1233 deletions(-)	
"e3c8320","Carl-Johnsons","Sat, 8 Jul 2023 22:02:51 +0700","add 2 more exception",	 11 files changed, 162 insertions(+), 639 deletions(-)	
"3533669","PhenChua","Sat, 8 Jul 2023 21:23:55 +0700","Update user.jsp",	 1 file changed, 3 insertions(+), 3 deletions(-)	
"5340f37","Carl-Johnsons","Sat, 8 Jul 2023 20:35:29 +0700","Handling exception in user.jsp and login.jsp",	 27 files changed, 1511 insertions(+), 1138 deletions(-)	
"c6aa556","Carl-Johnsons","Sat, 8 Jul 2023 16:11:05 +0700","Fixing save back up function",	 10 files changed, 554 insertions(+), 471 deletions(-)	
"e6519f9","Carl-Johnsons","Sat, 8 Jul 2023 15:31:01 +0700","test file .bat",	 2 files changed, 439 insertions(+), 93 deletions(-)	
"c4ea45a","Carl-Johnsons","Sat, 8 Jul 2023 15:22:31 +0700","newest version",	 17 files changed, 93 insertions(+), 99 deletions(-)	
"5e538c5","Carl-Johnsons","Sat, 8 Jul 2023 14:35:38 +0700","Fixing upload img to Imgur",	 2 files changed, 17 insertions(+), 99 deletions(-)	
"e599211","Carl-Johnsons","Sat, 8 Jul 2023 02:06:13 +0700","Someone delete something in shop style.css",	 13 files changed, 960 insertions(+), 313 deletions(-)	
"a477c74","PhenChua","Fri, 7 Jul 2023 21:06:08 +0700","Update user list for admin",	 5 files changed, 46 insertions(+), 35 deletions(-)	
"b91272d","Carl-Johnsons","Fri, 7 Jul 2023 18:22:46 +0700","Still fixing the product filter in Product/List",	 29 files changed, 1461 insertions(+), 133 deletions(-)	
"5b67349","Carl-Johnsons","Fri, 7 Jul 2023 16:41:53 +0700","Finish search bar in Admin/List",	 10 files changed, 1005 insertions(+), 86 deletions(-)	
"4602e2d","Carl-Johnsons","Fri, 7 Jul 2023 02:21:47 +0700","Finish 50% Admin Controller",	 21 files changed, 1786 insertions(+), 928 deletions(-)	
"f155176","Carl-Johnsons","Thu, 6 Jul 2023 20:03:36 +0700","Finish add Action in Admin Controller",	 25 files changed, 1237 insertions(+), 640 deletions(-)	
"a6468db","Quốc Zương","Thu, 6 Jul 2023 14:50:50 +0700","update css for button in detail product and update time to live for scroll function",	 3 files changed, 29 insertions(+), 12 deletions(-)	
"6a6a8bf","Carl-Johnsons","Thu, 6 Jul 2023 02:06:58 +0700","Finish 90% Client Controller",	 2 files changed, 6 insertions(+), 6 deletions(-)	
"3aba5a7","Carl-Johnsons","Thu, 6 Jul 2023 01:44:46 +0700","Finish orderDetail, address backend",	 19 files changed, 1776 insertions(+), 556 deletions(-)	
"f509b33","Quốc Zương","Wed, 5 Jul 2023 21:25:20 +0700","update order page",	 5 files changed, 734 insertions(+), 33 deletions(-)	
"1556162","Carl-Johnsons","Wed, 5 Jul 2023 19:56:41 +0700","Finish updating Info in Client Controller",	 17 files changed, 1114 insertions(+), 651 deletions(-)	
"00e591a","Quốc Zương","Wed, 5 Jul 2023 14:44:24 +0700","remove target",	 64 files changed, 5516 deletions(-)	
"9bf2f52","Quốc Zương","Wed, 5 Jul 2023 14:14:10 +0700","add user page",	 44 files changed, 564 insertions(+), 186 deletions(-)	
"2433223","PhenChua","Wed, 5 Jul 2023 02:19:15 +0700","Finish login & register",	 54 files changed, 1145 insertions(+), 966 deletions(-)	
"b523140","Quốc Zương","Tue, 4 Jul 2023 22:01:24 +0700","fix footer spelling mistake",	 8 files changed, 9 insertions(+), 9 deletions(-)	
"c19c40e","Quốc Zương","Tue, 4 Jul 2023 21:50:54 +0700","update add to cart animation",	 34 files changed, 6765 insertions(+), 318 deletions(-)	
"41ea680","Quốc Zương","Tue, 4 Jul 2023 16:23:08 +0700","update new scrollbar for all page",	 8 files changed, 122 insertions(+)	
"d87f51f","Quốc Zương","Tue, 4 Jul 2023 16:17:27 +0700","fix css and add scroll behavior for list.jsp page",	 3 files changed, 221 insertions(+), 213 deletions(-)	
"472de5f","Quốc Zương","Tue, 4 Jul 2023 15:42:52 +0700","add gitignore for target folder",	 2239 files changed, 366211 deletions(-)	
"ff6dfca","Quốc Zương","Tue, 4 Jul 2023 15:35:12 +0700","add gitignore for target folder",	 1 file changed, 1 insertion(+)	
"f20035b","Quốc Zương","Tue, 4 Jul 2023 15:29:50 +0700","add animation hover img in list page",	 2069 files changed, 11 insertions(+), 333512 deletions(-)	
"4c1282d","Carl-Johnsons","Tue, 4 Jul 2023 15:21:17 +0700","Update Product Filter",	 13 files changed, 164 insertions(+), 142 deletions(-)	
"24a9558","Quốc Zương","Tue, 4 Jul 2023 15:13:52 +0700","fix bux tag a product page and detail product",	 2092 files changed, 333688 insertions(+), 75 deletions(-)	
"6b62d4f","Carl-Johnsons","Tue, 4 Jul 2023 01:27:08 +0700","test",	 5 files changed, 7 insertions(+), 5 deletions(-)	
"791b956","Carl-Johnsons","Tue, 4 Jul 2023 01:02:19 +0700","Finish Product/list and all of its Product Filter",	 2233 files changed, 366363 insertions(+), 98 deletions(-)	
"186ffb8","Carl-Johnsons","Mon, 3 Jul 2023 21:29:31 +0700","update Product/Detail ProductDAO, User,..",	 2229 files changed, 536 insertions(+), 365969 deletions(-)	
"b2ba121","Quốc Zương","Mon, 3 Jul 2023 20:41:39 +0700","done front end cart page",	 10 files changed, 826 insertions(+)	
"d44c1a3","Carl-Johnsons","Mon, 3 Jul 2023 16:16:05 +0700","Add txt to admin, client",	 31 files changed, 405 insertions(+), 377 deletions(-)	
"7328719","Carl-Johnsons","Mon, 3 Jul 2023 15:43:04 +0700","Creating MVC folders structure",	 2440 files changed, 1343 insertions(+), 2130 deletions(-)	
"939e986","Carl-Johnsons","Mon, 3 Jul 2023 13:20:08 +0700","Fix pull request",	 3869 files changed, 81 insertions(+), 366393 deletions(-)	
"0236601","Quốc Zương","Mon, 3 Jul 2023 12:36:48 +0700","commit 7",	 3846 files changed, 363255 insertions(+), 8 deletions(-)	
"43bec02","Quốc Zương","Mon, 19 Jun 2023 23:06:40 +0700","fix path",	 601 files changed, 1513 insertions(+), 2018 deletions(-)	
"a92e94f","Quốc Zương","Mon, 19 Jun 2023 22:43:24 +0700","add folder brand",	 584 files changed, 1923 insertions(+)	
"0d56b6c","Carl-Johnsons","Mon, 19 Jun 2023 19:59:33 +0700","Fix the all link using absolute path, Fix Querrying the db",	 1331 files changed, 4567 insertions(+), 911 deletions(-)	
"83d2698","PhenChua","Sun, 18 Jun 2023 20:47:19 +0700","Add test file.",	 1 file changed, 1 insertion(+)	
"1a8ba5d","PhenChua","Sun, 18 Jun 2023 20:44:54 +0700","Net bean (#3)",	 3308 files changed, 366939 insertions(+), 1654 deletions(-)	
"6f3bc1e","PhenChua","Sun, 18 Jun 2023 20:26:09 +0700","Update DAOs, Models.",	 6 files changed, 464 insertions(+), 23 deletions(-)	
"67ffe41","Carl-Johnsons","Sun, 18 Jun 2023 19:22:03 +0700","change structure of the folder",	 4631 files changed, 1511 insertions(+), 735810 deletions(-)	
"539af09","Carl-Johnsons","Sun, 18 Jun 2023 19:16:40 +0700","remake structure of models,DAOS",	 3306 files changed, 730888 insertions(+)	
"1ed2545","Quốc Zương","Sun, 18 Jun 2023 13:28:04 +0700","remove hello.txt file",	 2 files changed, 0 insertions(+), 0 deletions(-)	
"f04bc6b","Carl-Johnsons","Sun, 18 Jun 2023 13:22:11 +0700","add hello.txt",	 1 file changed, 0 insertions(+), 0 deletions(-)	
"1a35e91","Carl-Johnsons","Sun, 18 Jun 2023 13:18:46 +0700","testing commit",	 4603 files changed, 734299 deletions(-)	
"6328f61","Carl-Johnsons","Sun, 18 Jun 2023 13:08:42 +0700","Change something",	 4603 files changed, 734299 insertions(+)	
"532ed77","PhenChua","Sun, 18 Jun 2023 12:59:14 +0700","Create README.md",	 1 file changed, 2 insertions(+)	
"48f4101","Carl-Johnsons","Thu, 8 Jun 2023 17:26:20 +0700","testing commit",	 2301 files changed, 366510 insertions(+), 6 deletions(-)	
"f1d557c","Carl-Johnsons","Wed, 7 Jun 2023 21:18:51 +0700","Update project",	 7 files changed, 2 insertions(+), 5 deletions(-)	
"47f819f","Carl-Johnsons","Wed, 7 Jun 2023 21:10:43 +0700","update data.txt (very important)",	 1 file changed, 1 insertion(+)	
"d6b3b42","Quốc Zương","Wed, 7 Jun 2023 17:39:19 +0700","delete img",	 2 files changed, 0 insertions(+), 0 deletions(-)	
"14d13d6","Quốc Zương","Wed, 7 Jun 2023 17:22:48 +0700","update image",	 1 file changed, 0 insertions(+), 0 deletions(-)	
"d67eb99","Quốc Zương","Wed, 7 Jun 2023 16:58:15 +0700","first commit for NetBean",	 2309 files changed, 2378 insertions(+), 708 deletions(-)	
"6bfecea","Quốc Zương","Wed, 7 Jun 2023 10:40:53 +0700","fix bug div",	 1 file changed, 412 insertions(+), 329 deletions(-)	
"a91d735","Quốc Zương","Tue, 6 Jun 2023 22:01:35 +0700","complete a tag",	 2 files changed, 31 insertions(+), 28 deletions(-)	
"761102c","Quốc Zương","Tue, 6 Jun 2023 20:32:39 +0700","add a tag for product",	 3 files changed, 51 insertions(+), 9 deletions(-)	
"c10b03f","Quốc Zương","Mon, 5 Jun 2023 19:14:13 +0700","done user page",	 5 files changed, 521 insertions(+), 24 deletions(-)	
"533e736","Quốc Zương","Sun, 4 Jun 2023 19:40:36 +0700","done product page",	 8 files changed, 602 insertions(+), 4 deletions(-)	
"60a5dc5","Quốc Zương","Sun, 4 Jun 2023 15:52:52 +0700","done introduce",	 20 files changed, 495 insertions(+), 62 deletions(-)	
"1169c62","Quốc Zương","Sun, 4 Jun 2023 14:44:31 +0700","update font storage",	 8447 files changed, 1081461 deletions(-)	
"0cefa1f","Quốc Zương","Sun, 4 Jun 2023 14:38:50 +0700","update image's storage",	 135 files changed, 76 insertions(+), 2911 deletions(-)	
"b52e4ab","Quốc Zương","Sun, 4 Jun 2023 14:03:12 +0700","change a tag",	 6 files changed, 35 insertions(+), 26 deletions(-)	
"0c8b4cc","Quốc Zương","Sat, 3 Jun 2023 22:59:28 +0700","done sort & find shop",	 3 files changed, 90 insertions(+), 26 deletions(-)	
"44d350a","Quốc Zương","Sat, 3 Jun 2023 20:52:35 +0700","complete shop interface + done sorting",	 2157 files changed, 362671 insertions(+), 5 deletions(-)	
"2ebb41b","Quốc Zương","Sat, 3 Jun 2023 16:17:32 +0700","complete JS for home page",	 2 files changed, 5 insertions(+), 3 deletions(-)	
"fd7f319","Quốc Zương","Sat, 3 Jun 2023 16:03:48 +0700","backup JS",	 7 files changed, 37 insertions(+), 69 deletions(-)	
"fa98364","Quốc Zương","Sat, 3 Jun 2023 15:41:06 +0700","complete login page",	 3 files changed, 112 insertions(+), 111 deletions(-)	
"c8b3f9b","Quốc Zương","Sat, 3 Jun 2023 14:02:28 +0700","backup template",	 6426 files changed, 723253 insertions(+), 4 deletions(-)	
"77b5bb6","Quốc Zương","Fri, 2 Jun 2023 22:48:11 +0700","complete interface",	 13 files changed, 353 insertions(+), 20 deletions(-)	
"3691017","Quốc Zương","Mon, 15 May 2023 17:36:17 +0700","third commit",	 3 files changed, 64 insertions(+), 13 deletions(-)	
"faec5c0","Quốc Zương","Wed, 10 May 2023 21:55:17 +0700","second commit",	 3 files changed, 126 insertions(+), 31 deletions(-)	
"e9e77df","Quốc Zương","Wed, 10 May 2023 21:06:15 +0700","first commit",	 2139 files changed, 362329 insertions(+)	
