e2565d5,Qu?c V??ng,"Tue, 17 Oct 2023 00:31:08 +0700",fix conflict in adminController,"	 1 file changed", 5 insertions(+)," 107 deletions(-)	"
644ace4,Qu?c V??ng,"Tue, 17 Oct 2023 00:23:55 +0700",turn on build on save,"	 1 file changed", 20 insertions(+)," 19 deletions(-)	"
3919504,Qu?c V??ng,"Tue, 17 Oct 2023 00:23:37 +0700",fix bug in UI,"	 3 files changed", 29 insertions(+)," 39 deletions(-)	"
8437191,Qu?c V??ng,"Tue, 17 Oct 2023 00:23:05 +0700",fix bug in addEmployee page,"	 1 file changed", 40 insertions(+)," 70 deletions(-)	"
7287dd9,Qu?c V??ng,"Tue, 17 Oct 2023 00:22:38 +0700",create getRole function in EmployeeDAO,"	 1 file changed", 55 insertions(+)," 36 deletions(-)	"
4a1162e,Qu?c V??ng,"Tue, 17 Oct 2023 00:22:19 +0700",done add employee function,"	 1 file changed", 134 insertions(+)," 50 deletions(-)	"
c4f8f18,Qu?c V??ng,"Tue, 17 Oct 2023 00:21:53 +0700",UI for add employee,"	 1 file changed"," 381 insertions(+)	",
c3a3497,Carl-Johnsons,"Tue, 17 Oct 2023 00:08:52 +0700",update Product is in progress,"	 2 files changed", 83 insertions(+)," 90 deletions(-)	"
d8e5bb2,PhenChua,"Mon, 16 Oct 2023 23:40:22 +0700",Update UI for CRUD customer's delivery address management,"	 2 files changed", 98 insertions(+)," 33 deletions(-)	"
cd4a78d,PhenChua,"Mon, 16 Oct 2023 23:39:56 +0700",Format code,"	 1 file changed", 2 insertions(+)," 2 deletions(-)	"
8d39865,PhenChua,"Mon, 16 Oct 2023 23:39:46 +0700",Format code,"	 1 file changed", 3 insertions(+)," 1 deletion(-)	"
d237a59,PhenChua,"Mon, 16 Oct 2023 23:39:37 +0700",Add new exceptions for CRUD customer's delivery address,"	 3 files changed", 127 insertions(+)," 41 deletions(-)	"
33834a2,PhenChua,"Mon, 16 Oct 2023 23:33:22 +0700",Add new method to delete a list of order detail,"	 1 file changed", 36 insertions(+)," 2 deletions(-)	"
f655158,PhenChua,"Mon, 16 Oct 2023 23:32:54 +0700",Update method logic,"	 1 file changed"," 1 insertion(+)	",
9541027,PhenChua,"Mon, 16 Oct 2023 23:32:21 +0700",Add new method to delete delivery address by id,"	 1 file changed"," 20 insertions(+)	",
5eef5be,PhenChua,"Mon, 16 Oct 2023 23:31:52 +0700",CRUD for Customer's delivery address management,"	 1 file changed", 271 insertions(+)," 29 deletions(-)	"
812fc2f,Carl-Johnsons,"Mon, 16 Oct 2023 23:21:06 +0700",done read product List in Admin,"	 6 files changed", 187 insertions(+)," 147 deletions(-)	"
5ed7379,Qu?c V??ng,"Sun, 15 Oct 2023 22:44:23 +0700","done update employee, update customer is coming","	 374 files changed", 76952 insertions(+)," 323 deletions(-)	"
baa23d0,Qu?c V??ng,"Sun, 15 Oct 2023 19:32:39 +0700",add isExistEmail in UserDAO,"	 4 files changed", 37 insertions(+)," 7 deletions(-)	"
881529e,Qu?c V??ng,"Sun, 15 Oct 2023 19:32:08 +0700",Fix some SQL bug in EmployeeDAO,"	 1 file changed", 33 insertions(+)," 34 deletions(-)	"
8c21b27,Qu?c V??ng,"Sun, 15 Oct 2023 19:31:42 +0700",update employee,"	 1 file changed", 604 insertions(+)," 534 deletions(-)	"
925dd8a,Qu?c V??ng,"Sun, 15 Oct 2023 08:35:33 +0700",update UI for update user,"	 2 files changed", 14 insertions(+)," 1 deletion(-)	"
79d120b,Qu?c V??ng,"Sun, 15 Oct 2023 06:59:55 +0700",done update UI for customer and employee,"	 5 files changed", 139 insertions(+)," 89 deletions(-)	"
bdd6dd3,Qu?c V??ng,"Sun, 15 Oct 2023 04:49:34 +0700",fix dropdown bug in homepage,"	 9 files changed", 436 insertions(+)," 37 deletions(-)	"
b0cccb3,lebathinh2003,"Sat, 14 Oct 2023 20:29:29 +0700",change,"	 3 files changed", 9 insertions(+)," 8 deletions(-)	"
4435cb9,lebathinh2003,"Sat, 14 Oct 2023 20:12:27 +0700","checkout, checkout cart","	 13 files changed", 396 insertions(+)," 71 deletions(-)	"
86269fe,PhenChua,"Sat, 14 Oct 2023 19:40:03 +0700",Update address list and address update form,"	 1 file changed", 71 insertions(+)," 42 deletions(-)	"
5924393,PhenChua,"Sat, 14 Oct 2023 19:39:34 +0700",Modify some methods' logic,"	 1 file changed", 10 insertions(+)," 11 deletions(-)	"
e03747c,PhenChua,"Sat, 14 Oct 2023 19:39:13 +0700","Add new customer address update routing, add new method updateCustomerAddress","	 1 file changed", 242 insertions(+)," 198 deletions(-)	"
8330155,PhenChua,"Sat, 14 Oct 2023 19:01:12 +0700",Add new generateDateTime method,"	 1 file changed", 11 insertions(+)," 2 deletions(-)	"
43e5660,PhenChua,"Sat, 14 Oct 2023 19:00:53 +0700",Update way of inserting datetime property,"	 2 files changed", 38 insertions(+)," 16 deletions(-)	"
605d1cb,PhenChua,"Sat, 14 Oct 2023 18:38:05 +0700",Add new property for data model,"	 2 files changed", 24 insertions(+)," 8 deletions(-)	"
4191dfa,PhenChua,"Sat, 14 Oct 2023 17:22:14 +0700",Update new database schema,"	 1 file changed", 2 insertions(+)," 1 deletion(-)	"
bd24001,PhenChua,"Sat, 14 Oct 2023 15:31:44 +0700",Update link for product list,"	 1 file changed", 2 insertions(+)," 2 deletions(-)	"
0dd4646,lebathinh2003,"Sat, 14 Oct 2023 14:53:15 +0700",xoa user create success,"	 3 files changed", 14 insertions(+)," 10 deletions(-)	"
228798f,PhenChua,"Fri, 13 Oct 2023 20:56:42 +0700",Update address list,"	 5 files changed", 724 insertions(+)," 621 deletions(-)	"
b1c0269,Qu?c V??ng,"Fri, 13 Oct 2023 15:14:36 +0700",done delete and restore user,"	 1 file changed", 1 insertion(+)," 1 deletion(-)	"
ad97d15,Qu?c V??ng,"Fri, 13 Oct 2023 15:13:10 +0700",fix bug updateUser in UserDAO,"	 3 files changed", 109 insertions(+)," 73 deletions(-)	"
2ca7cfb,Qu?c V??ng,"Fri, 13 Oct 2023 15:12:30 +0700","add updateEmployeeRetireDate, disableEmployee and restoreEmployee","	 1 file changed", 52 insertions(+)," 1 deletion(-)	"
67d6cc5,PhenChua,"Fri, 13 Oct 2023 02:10:24 +0700",Fix small mistake,"	 1 file changed", 4 insertions(+)," 3 deletions(-)	"
71798ca,PhenChua,"Fri, 13 Oct 2023 02:09:56 +0700","Add customerFactory, refactor other methods","	 1 file changed", 114 insertions(+)," 82 deletions(-)	"
3.41E+77,PhenChua,"Fri, 13 Oct 2023 02:09:20 +0700",Adding the list of delivery address,"	 2 files changed", 145 insertions(+)," 34 deletions(-)	"
c72e82e,Carl-Johnsons,"Thu, 12 Oct 2023 21:12:06 +0700",merge conflict resolved,"	 4 files changed", 148 insertions(+)," 145 deletions(-)	"
26b2c43,lebathinh2003,"Thu, 12 Oct 2023 16:56:57 +0700","checkout ui, checkout backend","	 9 files changed", 275 insertions(+)," 98 deletions(-)	"
0280cc3,Carl-Johnsons,"Thu, 12 Oct 2023 15:17:35 +0700",Update ExceptionUtils and refactor Exception error in JSP page,"	 6 files changed", 207 insertions(+)," 113 deletions(-)	"
65621a5,Qu?c V??ng,"Thu, 12 Oct 2023 10:25:30 +0700",done see detail user's information,"	 5 files changed", 505 insertions(+)," 28 deletions(-)	"
f2b899f,Carl-Johnsons,"Thu, 12 Oct 2023 10:15:11 +0700",Add and complete ExceptionUtils,"	 20 files changed", 439 insertions(+)," 294 deletions(-)	"
dd8546f,lebathinh2003,"Tue, 10 Oct 2023 16:29:07 +0700","delete cart item, update cart item","	 5 files changed", 68 insertions(+)," 51 deletions(-)	"
b190037,lebathinh2003,"Tue, 10 Oct 2023 15:09:39 +0700",xong add va xem gio hang,"	 13 files changed", 240 insertions(+)," 142 deletions(-)	"
7c2f665,Carl-Johnsons,"Tue, 10 Oct 2023 11:41:51 +0700",refactoring add product in admin controller,"	 7 files changed", 151 insertions(+)," 95 deletions(-)	"
9739375,Qu?c V??ng,"Tue, 10 Oct 2023 11:40:25 +0700",done show list user,"	 4 files changed", 123 insertions(+)," 118 deletions(-)	"
f7dad37,lebathinh2003,"Tue, 10 Oct 2023 10:46:55 +0700",add proc add to cart,"	 1 file changed", 13 insertions(+)," 18 deletions(-)	"
78574bb,lebathinh2003,"Tue, 10 Oct 2023 10:19:29 +0700",fix importDAO importdetaiDAO voucherDAO,"	 3 files changed", 86 insertions(+)," 23 deletions(-)	"
dc049b8,PhenChua,"Tue, 10 Oct 2023 01:51:28 +0700",Merge changes,"	 1 file changed", 1 insertion(+)," 1 deletion(-)	"
1.98E+95,PhenChua,"Tue, 10 Oct 2023 01:50:16 +0700",Update scrollbar style,"	 1 file changed", 299 insertions(+)," 273 deletions(-)	"
687701e,Qu?c V??ng,"Tue, 10 Oct 2023 01:19:53 +0700",update isAdmin for filter and update isAdmin in UserDAO,"	 4 files changed", 40 insertions(+)," 30 deletions(-)	"
586f896,PhenChua,"Tue, 10 Oct 2023 00:56:27 +0700",Add comment,"	 1 file changed", 48 insertions(+)," 43 deletions(-)	"
3af1953,PhenChua,"Tue, 10 Oct 2023 00:52:31 +0700",Add productFactory method,"	 1 file changed", 65 insertions(+)," 50 deletions(-)	"
86722aa,Qu?c V??ng,"Tue, 10 Oct 2023 00:42:53 +0700",update isAdmin for filter,"	 2 files changed", 23 insertions(+)," 30 deletions(-)	"
848ed49,lebathinh2003,"Tue, 10 Oct 2023 00:39:48 +0700",fix fillter,"	 1 file changed", 34 insertions(+)," 32 deletions(-)	"
7d5e475,lebathinh2003,"Tue, 10 Oct 2023 00:18:46 +0700",fix bug,"	 2 files changed", 22 insertions(+)," 28 deletions(-)	"
67fd21d,Carl-Johnsons,"Tue, 10 Oct 2023 00:12:23 +0700",fix product detail,"	 3 files changed", 39 insertions(+)," 20 deletions(-)	"
bf88503,PhenChua,"Tue, 10 Oct 2023 00:12:06 +0700",add new isExistUsername method,"	 1 file changed", 42 insertions(+)," 25 deletions(-)	"
c55b86d,PhenChua,"Tue, 10 Oct 2023 00:11:49 +0700",add new isAdmin method,"	 1 file changed"," 18 insertions(+)	",
d526c94,PhenChua,"Tue, 10 Oct 2023 00:11:41 +0700",add new isCustomer method,"	 1 file changed"," 18 insertions(+)	",
02bcd83,PhenChua,"Tue, 10 Oct 2023 00:11:21 +0700",Update config for VSCode java version compatibility,"	 1 file changed", 12 insertions(+)," 6 deletions(-)	"
9f0f00f,lebathinh2003,"Mon, 9 Oct 2023 23:20:43 +0700",check login,"	 3 files changed", 11 insertions(+)," 9 deletions(-)	"
ce3ce64,Qu?c V??ng,"Mon, 9 Oct 2023 23:04:27 +0700",fix error when user filter and click on product,"	 2 files changed", 3 insertions(+)," 3 deletions(-)	"
4d4181a,Qu?c V??ng,"Mon, 9 Oct 2023 22:54:58 +0700",add interface for DeliveryAddressDAO,"	 2 files changed", 198 insertions(+)," 179 deletions(-)	"
8253a41,Carl-Johnsons,"Mon, 9 Oct 2023 22:49:33 +0700",Fix product list work as intended,"	 6 files changed", 542 insertions(+)," 531 deletions(-)	"
8c8f40d,PhenChua,"Mon, 9 Oct 2023 22:48:31 +0700",Update method logic,"	 1 file changed", 19 insertions(+)," 4 deletions(-)	"
4fbf314,Qu?c V??ng,"Mon, 9 Oct 2023 22:47:39 +0700",update EmployeeDAO exception,"	 1 file changed"," 18 insertions(+)	",
a50d7b6,PhenChua,"Mon, 9 Oct 2023 22:47:26 +0700","Refactor class, add delete, update methods","	 1 file changed", 216 insertions(+)," 44 deletions(-)	"
df3fe1f,Qu?c V??ng,"Mon, 9 Oct 2023 22:33:35 +0700",add addDeliveryAddress and getAll and deliveryAddressFactory in DeliveryAddressDAO,"	 2 files changed", 80 insertions(+)," 10 deletions(-)	"
6df5011,PhenChua,"Mon, 9 Oct 2023 22:15:57 +0700",Change fields' names,"	 1 file changed", 52 insertions(+)," 10 deletions(-)	"
5cded0f,PhenChua,"Mon, 9 Oct 2023 22:15:38 +0700",Delete unused imports,"	 1 file changed"," 2 deletions(-)	",
5be2c30,PhenChua,"Mon, 9 Oct 2023 22:15:24 +0700",Change comment,"	 1 file changed", 4 insertions(+)," 3 deletions(-)	"
32bc26e,Qu?c V??ng,"Mon, 9 Oct 2023 22:08:14 +0700",add delivery address model,"	 2 files changed"," 76 insertions(+)	",
ceee1b3,lebathinh2003,"Mon, 9 Oct 2023 22:06:43 +0700",update voucher,"	 2 files changed"," 72 insertions(+)	",
23b8e9f,Qu?c V??ng,"Mon, 9 Oct 2023 21:41:00 +0700",getCustomerByUserId,"	 1 file changed"," 22 insertions(+)	",
fc21e95,Carl-Johnsons,"Mon, 9 Oct 2023 21:05:14 +0700",finish product list,"	 16 files changed", 1621 insertions(+)," 1516 deletions(-)	"
67d1baa,Carl-Johnsons,"Mon, 9 Oct 2023 00:13:19 +0700",Update sql script for add employee,"	 8 files changed", 128 insertions(+)," 297 deletions(-)	"
f0c85b1,Carl-Johnsons,"Sun, 8 Oct 2023 23:41:35 +0700",Solving conflict,"	 4 files changed", 12 insertions(+)," 126 deletions(-)	"
8430008,lebathinh2003,"Sun, 8 Oct 2023 23:39:13 +0700","add import stash item, cart item","	 2 files changed", 2 insertions(+)," 2 deletions(-)	"
fd26fd6,lebathinh2003,"Sun, 8 Oct 2023 23:33:37 +0700","update improt, importdetail, voucher add cartitem, importstashitem","	 16 files changed", 892 insertions(+)," 308 deletions(-)	"
4d06c49,Carl-Johnsons,"Sun, 8 Oct 2023 23:28:35 +0700",Add logic for UserDAO and CustomerDAO,"	 21 files changed", 308 insertions(+)," 327 deletions(-)	"
a4dcb73,PhenChua,"Sun, 8 Oct 2023 17:29:53 +0700",Add a new variation of updateOrderDetail that has a List as parameter,"	 1 file changed", 35 insertions(+)," 2 deletions(-)	"
8f7cd24,PhenChua,"Sun, 8 Oct 2023 17:29:23 +0700",Update method,"	 1 file changed", 1 insertion(+)," 4 deletions(-)	"
12ed38a,PhenChua,"Sun, 8 Oct 2023 17:23:26 +0700",Add new comments,"	 1 file changed", 42 insertions(+)," 2 deletions(-)	"
e5a1b2f,PhenChua,"Sun, 8 Oct 2023 17:23:16 +0700",Modify comments,"	 1 file changed", 26 insertions(+)," 10 deletions(-)	"
1281431,PhenChua,"Sun, 8 Oct 2023 17:23:02 +0700",refactor code,"	 1 file changed", 5 insertions(+)," 19 deletions(-)	"
357883b,Qu?c V??ng,"Sun, 8 Oct 2023 17:22:48 +0700",add updateOrderDetail in OrderDetailDAO,"	 1 file changed", 24 insertions(+)," 3 deletions(-)	"
983a6fb,PhenChua,"Sun, 8 Oct 2023 17:22:40 +0700",Update deleteOrder method,"	 1 file changed", 9 insertions(+)," 11 deletions(-)	"
5dc2838,PhenChua,"Sun, 8 Oct 2023 16:59:00 +0700",add new enum,"	 1 file changed", 5 insertions(+)," 11 deletions(-)	"
7a97d7d,PhenChua,"Sun, 8 Oct 2023 16:58:52 +0700",update method logic,"	 1 file changed"," 16 insertions(+)	",
2ef3a09,PhenChua,"Sun, 8 Oct 2023 16:58:20 +0700",Fix some errors,"	 1 file changed", 7 insertions(+)," 5 deletions(-)	"
bcee7e2,PhenChua,"Sun, 8 Oct 2023 16:51:57 +0700",Remove enum,"	 1 file changed", 1 insertion(+)," 6 deletions(-)	"
e3e9d86,PhenChua,"Sun, 8 Oct 2023 16:51:48 +0700",Change method definition,"	 1 file changed", 4 insertions(+)," 11 deletions(-)	"
acfd556,PhenChua,"Sun, 8 Oct 2023 16:51:31 +0700",Update getOrderDetail method,"	 1 file changed", 4 insertions(+)," 10 deletions(-)	"
c79ccfe,PhenChua,"Sun, 8 Oct 2023 16:51:16 +0700",Comment out the old method,"	 1 file changed", 47 insertions(+)," 119 deletions(-)	"
3d530f9,PhenChua,"Sun, 8 Oct 2023 16:50:42 +0700",Update more methods,"	 1 file changed", 151 insertions(+)," 24 deletions(-)	"
45d583f,Qu?c V??ng,"Sun, 8 Oct 2023 16:49:42 +0700",update deleteOrderDetail in OrderDetailDAO,"	 2 files changed", 20 insertions(+)," 7 deletions(-)	"
86de942,Qu?c V??ng,"Sun, 8 Oct 2023 16:28:55 +0700",add getOrderByCustomerId and getOrderByOrderId,"	 2 files changed", 31 insertions(+)," 41 deletions(-)	"
ba8f978,Qu?c V??ng,"Sun, 8 Oct 2023 16:03:26 +0700",update deleteOrder from OrderDAO,"	 2 files changed", 5 insertions(+)," 4 deletions(-)	"
0d48d88,PhenChua,"Sun, 8 Oct 2023 15:54:41 +0700",Remove unneccesary import,"	 1 file changed"," 1 deletion(-)	",
4058420,PhenChua,"Sun, 8 Oct 2023 15:54:10 +0700",Change comment,"	 1 file changed", 1 insertion(+)," 1 deletion(-)	"
222bca4,PhenChua,"Sun, 8 Oct 2023 15:51:11 +0700",Delete unnecessary method,"	 1 file changed"," 9 deletions(-)	",
7709fda,PhenChua,"Sun, 8 Oct 2023 15:49:58 +0700",Update,"	 1 file changed", 22 insertions(+)," 10 deletions(-)	"
99f9dac,PhenChua,"Sun, 8 Oct 2023 15:37:04 +0700",Add new methods,"	 1 file changed"," 5 insertions(+)	",
77bd1b7,PhenChua,"Sun, 8 Oct 2023 15:36:49 +0700",Remove unneccesary comments,"	 1 file changed"," 8 deletions(-)	",
31d5c03,PhenChua,"Sun, 8 Oct 2023 15:36:21 +0700",Add new DAO,"	 1 file changed", 173 insertions(+)," 2 deletions(-)	"
1704c12,PhenChua,"Sun, 8 Oct 2023 14:12:09 +0700",Add new interface to support OrderDetailDAO.java,"	 1 file changed"," 30 insertions(+)	",
e47462a,PhenChua,"Sun, 8 Oct 2023 14:11:42 +0700","Add some methods, change comments","	 1 file changed", 20 insertions(+)," 4 deletions(-)	"
31b24bc,PhenChua,"Sun, 8 Oct 2023 14:11:17 +0700",Remove sql string that contain variables,"	 1 file changed", 41 insertions(+)," 13 deletions(-)	"
de6054e,lebathinh2003,"Sun, 8 Oct 2023 01:20:29 +0700",xong voucher va voucher DAO,"	 4 files changed", 214 insertions(+)," 5 deletions(-)	"
285ceef,PhenChua,"Sun, 8 Oct 2023 01:20:05 +0700",Create this new class to serve Order class,"	 1 file changed"," 79 insertions(+)	",
581aed6,PhenChua,"Sun, 8 Oct 2023 01:19:25 +0700",Update fields,"	 1 file changed", 141 insertions(+)," 20 deletions(-)	"
2cf362c,PhenChua,"Sun, 8 Oct 2023 01:18:33 +0700",Update more methods and contants,"	 1 file changed"," 112 insertions(+)	",
3f0b484,PhenChua,"Sun, 8 Oct 2023 01:18:13 +0700",Create the class,"	 1 file changed"," 5 insertions(+)	",
390c931,PhenChua,"Sun, 8 Oct 2023 01:17:59 +0700",Update some methods,"	 1 file changed", 61 insertions(+)," 22 deletions(-)	"
04d6d1a,PhenChua,"Sun, 8 Oct 2023 01:17:32 +0700",Delete unnecessary comments,"	 7 files changed"," 56 deletions(-)	",
f52d8a9,Qu?c V??ng,"Sun, 8 Oct 2023 00:50:04 +0700",update EmployeeDAO #3 and add IEmployeeDAO,"	 3 files changed", 93 insertions(+)," 16 deletions(-)	"
bbc4e42,Carl-Johnsons,"Sun, 8 Oct 2023 00:16:46 +0700",Update database script,"	 3 files changed", 427 insertions(+)," 616 deletions(-)	"
ceabd6b,Qu?c V??ng,"Sat, 7 Oct 2023 23:45:41 +0700",update EmployeeDAO #2,"	 4 files changed", 412 insertions(+)," 136 deletions(-)	"
0e42463,Carl-Johnsons,"Sat, 7 Oct 2023 23:21:17 +0700",add Import Stash in the db,"	 3 files changed", 248 insertions(+)," 302 deletions(-)	"
9819d55,Carl-Johnsons,"Sat, 7 Oct 2023 22:36:54 +0700",update order table,"	 3 files changed", 10 insertions(+)," 18 deletions(-)	"
32547ec,PhenChua,"Sat, 7 Oct 2023 22:12:30 +0700",Update access modifier for contants,"	 1 file changed", 8 insertions(+)," 12 deletions(-)	"
6c33bdb,PhenChua,"Sat, 7 Oct 2023 21:57:44 +0700",Update all the methods' comments,"	 1 file changed", 160 insertions(+)," 22 deletions(-)	"
f8f3eeb,PhenChua,"Sat, 7 Oct 2023 21:57:10 +0700",Change import position,"	 1 file changed", 2 insertions(+)," 1 deletion(-)	"
251a383,PhenChua,"Sat, 7 Oct 2023 21:56:57 +0700",Move all methods' comments into IUserDAO,"	 1 file changed", 4 insertions(+)," 35 deletions(-)	"
e87c077,PhenChua,"Sat, 7 Oct 2023 21:56:13 +0700",Change import position,"	 1 file changed", 3 insertions(+)," 2 deletions(-)	"
f03802a,PhenChua,"Sat, 7 Oct 2023 21:55:57 +0700",Change import position,"	 1 file changed", 2 insertions(+)," 1 deletion(-)	"
24511cf,PhenChua,"Sat, 7 Oct 2023 21:55:25 +0700",Update UserDAO,"	 1 file changed", 3 insertions(+)," 2 deletions(-)	"
56ba5f7,Carl-Johnsons,"Sat, 7 Oct 2023 21:14:37 +0700",Add Interface IUserDAO,"	 5 files changed", 265 insertions(+)," 311 deletions(-)	"
913a0c1,PhenChua,"Sat, 7 Oct 2023 20:34:16 +0700",Update UserDAO,"	 3 files changed", 59 insertions(+)," 99 deletions(-)	"
de278ae,Carl-Johnsons,"Sat, 7 Oct 2023 17:15:47 +0700",move interface to another folder,"	 10 files changed", 10 insertions(+)," 5 deletions(-)	"
51417dc,Carl-Johnsons,"Sat, 7 Oct 2023 16:34:40 +0700",Refactoring productDAO,"	 2 files changed", 79 insertions(+)," 83 deletions(-)	"
f6198b0,PhenChua,"Sat, 7 Oct 2023 16:32:16 +0700",Refactoring UserDAO,"	 4 files changed", 115 insertions(+)," 95 deletions(-)	"
f91d2ce,Carl-Johnsons,"Sat, 7 Oct 2023 15:01:26 +0700",Done refactoring brand and product except getProductByOrderID,"	 10 files changed", 353 insertions(+)," 488 deletions(-)	"
4968526,Carl-Johnsons,"Sat, 7 Oct 2023 02:32:16 +0700",Done partial of ProductDAO,"	 1 file changed", 102 insertions(+)," 75 deletions(-)	"
6953909,Qu?c V??ng,"Sat, 7 Oct 2023 02:16:41 +0700",update EmployeeDAO,"	 1 file changed", 2 insertions(+)," 1 deletion(-)	"
587f4a2,Qu?c V??ng,"Sat, 7 Oct 2023 02:15:49 +0700",update EmployeeDAO,"	 2 files changed", 80 insertions(+)," 2 deletions(-)	"
96a2e47,lebathinh2003,"Sat, 7 Oct 2023 02:08:42 +0700",xong import va import detail,"	 6 files changed"," 524 insertions(+)	",
fb5644f,Carl-Johnsons,"Sat, 7 Oct 2023 01:37:16 +0700",Add stockDAO,"	 5 files changed", 151 insertions(+)," 26 deletions(-)	"
156c856,Carl-Johnsons,"Sat, 7 Oct 2023 00:47:19 +0700",Update BrandDAO and interface IBrandDAO,"	 5 files changed", 110 insertions(+)," 80 deletions(-)	"
fd19ae3,Qu?c V??ng,"Sat, 7 Oct 2023 00:19:42 +0700",update UserDAO,"	 1 file changed", 55 insertions(+)," 57 deletions(-)	"
5166795,PhenChua,"Fri, 6 Oct 2023 23:51:42 +0700",Add new Voucher class,"	 1 file changed"," 80 insertions(+)	",
23d3180,PhenChua,"Fri, 6 Oct 2023 23:51:21 +0700",Reformatting,"	 1 file changed"," 8 deletions(-)	",
c58c99b,PhenChua,"Fri, 6 Oct 2023 23:50:16 +0700",Delete weak entity,"	 1 file changed"," 60 deletions(-)	",
ff0fa4a,PhenChua,"Fri, 6 Oct 2023 23:48:35 +0700",Modify fields and methods,"	 1 file changed", 59 insertions(+)," 45 deletions(-)	"
35e1c7e,PhenChua,"Fri, 6 Oct 2023 23:48:06 +0700","Rename field, delete constructor, remove sum"" field""","	 1 file changed", 10 insertions(+)," 30 deletions(-)	"
74dd119,PhenChua,"Fri, 6 Oct 2023 23:47:15 +0700","Delete Brand class's constructor, rename field","	 1 file changed", 5 insertions(+)," 16 deletions(-)	"
a4abffa,PhenChua,"Fri, 6 Oct 2023 23:46:34 +0700",Update Admin class formatting,"	 2 files changed", 2 insertions(+)," 3 deletions(-)	"
d0f9ce4,Qu?c V??ng,"Fri, 6 Oct 2023 23:24:29 +0700",update inventory manager model,"	 1 file changed"," 2 insertions(+)	",
542baed,Qu?c V??ng,"Fri, 6 Oct 2023 23:23:27 +0700",add model Product_Activity_Log Employee_Role,"	 2 files changed"," 73 insertions(+)	",
674893b,Carl-Johnsons,"Fri, 6 Oct 2023 23:17:17 +0700",Change version of maven from 1.8 back to 1.7,"	 1 file changed", 2 insertions(+)," 2 deletions(-)	"
27abc9c,Carl-Johnsons,"Fri, 6 Oct 2023 23:16:05 +0700","Modified Product, Brand. Add new class in Lib","	 9 files changed", 866 insertions(+)," 1101 deletions(-)	"
00d7b72,Qu?c V??ng,"Fri, 6 Oct 2023 23:05:59 +0700","update model User, Employee, Admin, Customer, Order_Manager, Inventory_Manager","	 6 files changed", 210 insertions(+)," 78 deletions(-)	"
32e504f,lebathinh2003,"Sat, 30 Sep 2023 22:24:59 +0700",xong search and filter order va order detail,"	 8 files changed", 1139 insertions(+)," 234 deletions(-)	"
cae11c1,Qu?c V??ng,"Sat, 30 Sep 2023 22:15:31 +0700",completed restore customer account,"	 16 files changed"," 1592 insertions(+)	",
2965c57,Qu?c V??ng,"Sat, 30 Sep 2023 21:53:29 +0700",completed update user information by user,"	 17 files changed"," 2227 insertions(+)	",
4.45E+41,Carl-Johnsons,"Sat, 30 Sep 2023 21:20:56 +0700",Add sql for Customer List,"	 1 file changed"," 9 insertions(+)	",
96646f6,PhenChua,"Sat, 30 Sep 2023 21:15:23 +0700",Add more diagrams,"	 7 files changed"," 653 insertions(+)	",
42f3eac,Carl-Johnsons,"Sat, 30 Sep 2023 20:54:00 +0700",add sequence diagram for Update employee,"	 2 files changed"," 270 insertions(+)	",
3c08340,PhenChua,"Sat, 30 Sep 2023 20:28:42 +0700",Add Customer List diagrams,"	 2 files changed", 15 insertions(+)," 15 deletions(-)	"
d105b5d,PhenChua,"Sat, 30 Sep 2023 17:15:39 +0700",Update sequence diagram,"	 1 file changed", 1 insertion(+)," 1 deletion(-)	"
3.62E+81,PhenChua,"Sat, 30 Sep 2023 16:43:29 +0700",Update sequence diagram,"	 1 file changed", 43 insertions(+)," 23 deletions(-)	"
c520b66,PhenChua,"Sat, 30 Sep 2023 16:31:17 +0700",Update sequence diagram,"	 1 file changed", 159 insertions(+)," 117 deletions(-)	"
5800c64,PhenChua,"Sat, 30 Sep 2023 16:30:17 +0700",Add pre-existing files,"	 5 files changed"," 803 insertions(+)	",
8206363,PhenChua,"Sat, 30 Sep 2023 16:28:30 +0700",Change folder name,"	 5 files changed"," 803 deletions(-)	",
c885a98,lebathinh2003,"Sat, 30 Sep 2023 16:07:40 +0700",check login,"	 4 files changed", 234 insertions(+)," 353 deletions(-)	"
49928fc,Carl-Johnsons,"Sat, 30 Sep 2023 16:05:19 +0700",fix login,"	 4 files changed", 381 insertions(+)," 384 deletions(-)	"
77ca4e7,Carl-Johnsons,"Sat, 30 Sep 2023 15:48:48 +0700",modified database schema,"	 7 files changed", 42 insertions(+)," 26 deletions(-)	"
06fa147,Qu?c V??ng,"Sat, 30 Sep 2023 15:35:26 +0700",completed delete product in cart,"	 17 files changed"," 1508 insertions(+)	",
17cb539,Carl-Johnsons,"Sat, 30 Sep 2023 15:18:25 +0700",Complete Add Employee and modified newDatabase.sql,"	 8 files changed", 742 insertions(+)," 18 deletions(-)	"
f6a4d9a,Carl-Johnsons,"Sat, 30 Sep 2023 11:10:59 +0700",Complete Search and Filter Employee,"	 7 files changed", 241 insertions(+)," 72 deletions(-)	"
fa9ed24,Carl-Johnsons,"Sat, 30 Sep 2023 09:37:37 +0700",.obisidian is modified,"	 1 file changed", 1 insertion(+)," 1 deletion(-)	"
217fefd,Qu?c V??ng,"Sat, 30 Sep 2023 01:42:21 +0700",completed code design update quantity of product in cart,"	 15 files changed", 353 insertions(+)," 85 deletions(-)	"
ed54ebc,lebathinh2003,"Sat, 30 Sep 2023 01:15:51 +0700",xong update product,"	 8 files changed", 1138 insertions(+)," 601 deletions(-)	"
364ab03,PhenChua,"Sat, 30 Sep 2023 00:51:23 +0700",Update new diagram,"	 1 file changed", 64 insertions(+)," 39 deletions(-)	"
c5cfef3,Carl-Johnsons,"Sat, 30 Sep 2023 00:50:58 +0700",add function Employee List,"	 4 files changed", 106 insertions(+)," 10 deletions(-)	"
d9af081,Qu?c V??ng,"Sat, 30 Sep 2023 00:41:41 +0700",update database_queries,"	 15 files changed"," 1232 insertions(+)	",
1ffb3f5,PhenChua,"Sat, 30 Sep 2023 00:25:47 +0700",Update new diagram,"	 2 files changed", 165 insertions(+)," 71 deletions(-)	"
3fcd3c9,Carl-Johnsons,"Sat, 30 Sep 2023 00:17:06 +0700",Completed add to cart function,"	 4 files changed", 290 insertions(+)," 20 deletions(-)	"
f0b8fbd,Qu?c V??ng,"Sat, 30 Sep 2023 00:05:18 +0700",update delete and restore product for admin,"	 25 files changed", 1514 insertions(+)," 32 deletions(-)	"
2a360ae,PhenChua,"Fri, 29 Sep 2023 23:00:51 +0700",Update class name,"	 1 file changed", 106 insertions(+)," 106 deletions(-)	"
ecafbc5,PhenChua,"Fri, 29 Sep 2023 22:56:40 +0700",Update new diagram,"	 4 files changed", 626 insertions(+)," 607 deletions(-)	"
47eaa03,lebathinh2003,"Fri, 29 Sep 2023 22:27:25 +0700",hoan thien add product,"	 2 files changed", 58 insertions(+)," 294 deletions(-)	"
b48cd69,Carl-Johnsons,"Fri, 29 Sep 2023 22:02:02 +0700",create add to cart,"	 14 files changed", 289 insertions(+)," 629 deletions(-)	"
62ba865,PhenChua,"Fri, 29 Sep 2023 20:56:00 +0700",Update new diagram,"	 1 file changed", 497 insertions(+)," 497 deletions(-)	"
9e4f62f,PhenChua,"Fri, 29 Sep 2023 20:55:20 +0700",Update new diagram,"	 3 files changed", 323 insertions(+)," 46 deletions(-)	"
dec13e7,Qu?c V??ng,"Fri, 29 Sep 2023 20:48:27 +0700",update function forgot password,"	 13 files changed", 1577 insertions(+)," 229 deletions(-)	"
3a5eabd,lebathinh2003,"Fri, 29 Sep 2023 18:22:56 +0700",xong add product,"	 2 files changed"," 833 insertions(+)	",
5eae33d,Carl-Johnsons,"Fri, 29 Sep 2023 18:07:04 +0700",Complete function view product detail,"	 9 files changed", 439 insertions(+)," 11 deletions(-)	"
7cb43e8,PhenChua,"Fri, 29 Sep 2023 16:38:52 +0700",Update new entity,"	 2 files changed", 96 insertions(+)," 17 deletions(-)	"
652aa09,Carl-Johnsons,"Fri, 29 Sep 2023 15:47:14 +0700",Done function search and filter product,"	 13 files changed", 694 insertions(+)," 72 deletions(-)	"
3ff9b08,Carl-Johnsons,"Thu, 28 Sep 2023 17:08:17 +0700",done Function_Register,"	 12 files changed", 679 insertions(+)," 194 deletions(-)	"
9469d91,Carl-Johnsons,"Thu, 28 Sep 2023 13:15:56 +0700",modified register sequence and class diagram,"	 4 files changed", 442 insertions(+)," 45 deletions(-)	"
b3077fe,PhenChua,"Thu, 28 Sep 2023 00:10:39 +0700",Add class diagram for function 9,"	 2 files changed"," 59 insertions(+)	",
5b62aab,Qu?c V??ng,"Thu, 28 Sep 2023 00:08:31 +0700",code design for forgot password,"	 8 files changed", 930 insertions(+)," 182 deletions(-)	"
12f58aa,Carl-Johnsons,"Wed, 27 Sep 2023 23:55:25 +0700",Add sequence diagram in register,"	 1 file changed", 72 insertions(+)," 25 deletions(-)	"
ae3194e,lebathinh2003,"Wed, 27 Sep 2023 23:06:11 +0700",ok,"	 2 files changed", 767 insertions(+)," 767 deletions(-)	"
f180027,Carl-Johnsons,"Wed, 27 Sep 2023 23:02:06 +0700",Add login and register folder in SDS,"	 8 files changed", 463 insertions(+)," 182 deletions(-)	"
b22c7d2,lebathinh2003,"Wed, 27 Sep 2023 00:37:32 +0700",1.login function sds,"	 2 files changed"," 444 insertions(+)	",
d68ae00,Carl-Johnsons,"Tue, 26 Sep 2023 23:32:29 +0700",Add use case diagram,"	 12 files changed", 1174 insertions(+)," 115 deletions(-)	"
f9caab1,Carl-Johnsons,"Tue, 26 Sep 2023 16:33:49 +0700",Add Use case diagram,"	 10 files changed", 995 insertions(+)," 58 deletions(-)	"
ae06425,PhenChua,"Mon, 25 Sep 2023 23:38:10 +0700",Delete test.txt,"	 1 file changed"," 3 deletions(-)	",
c768fae,PhenChua,"Mon, 25 Sep 2023 23:37:48 +0700",Delete test.txt,"	 1 file changed"," 3 deletions(-)	",
b19251f,PhenChua,"Mon, 25 Sep 2023 23:24:02 +0700","Update DataManager, now it will fetch DB's information from a file instead.","	 5 files changed", 785 insertions(+)," 734 deletions(-)	"
1ca1191,PhenChua,"Mon, 25 Sep 2023 18:09:50 +0700",Creating testing file,"	 1 file changed"," 3 insertions(+)	",
6135d02,PhenChua,"Mon, 25 Sep 2023 18:09:21 +0700",Creating testing file,"	 1 file changed"," 3 insertions(+)	",
6256767,Carl-Johnsons,"Sun, 24 Sep 2023 01:30:42 +0700","Update new database, add newDatabase.sql script","	 4 files changed", 615 insertions(+)," 143 deletions(-)	"
b99dc87,PhenChua,"Sat, 23 Sep 2023 23:55:25 +0700",Added new sql script,"	 3 files changed", 315 insertions(+)," 90 deletions(-)	"
a7447f0,Qu?c V??ng,"Sat, 23 Sep 2023 23:54:42 +0700",update erd,"	 3 files changed", 254 insertions(+)," 215 deletions(-)	"
8cb6419,Carl-Johnsons,"Sat, 23 Sep 2023 23:08:26 +0700",Update database schema,"	 3 files changed", 63 insertions(+)," 22 deletions(-)	"
2cefc64,PhenChua,"Sat, 23 Sep 2023 18:07:46 +0700",Update obsidian settings,"	 3 files changed", 6 insertions(+)," 7 deletions(-)	"
4db10bc,Carl-Johnsons,"Sat, 23 Sep 2023 18:00:52 +0700",add obsidian setting,"	 42 files changed", 53386 insertions(+)," 401 deletions(-)	"
8585fdf,Qu?c V??ng,"Sat, 23 Sep 2023 17:57:00 +0700",update screenflow for order manager,"	 4 files changed", 648 insertions(+)," 1 deletion(-)	"
ce2d900,Qu?c V??ng,"Sat, 23 Sep 2023 16:57:08 +0700",export package diagram image,"	 3 files changed", 2 insertions(+)," 2 deletions(-)	"
d887179,PhenChua,"Sat, 23 Sep 2023 16:51:55 +0700",Update customer's screen flow,"	 1 file changed"," 223 insertions(+)	",
af7f2b6,Qu?c V??ng,"Sat, 23 Sep 2023 16:28:08 +0700",add CodePackageDiagram,"	 2 files changed"," 2 insertions(+)	",
000052f,Carl-Johnsons,"Sat, 23 Sep 2023 15:40:40 +0700",Update erd,"	 3 files changed", 748 insertions(+)," 155 deletions(-)	"
af413b9,Qu?c V??ng,"Fri, 22 Sep 2023 23:35:49 +0700",remove all .DS_Store file,"	 21 files changed", 0 insertions(+)," 0 deletions(-)	"
36c0292,Qu?c V??ng,"Fri, 22 Sep 2023 23:32:51 +0700",update gitignore,"	 1 file changed", 1 insertion(+)," 1 deletion(-)	"
46ff93e,Qu?c V??ng,"Fri, 22 Sep 2023 23:27:15 +0700",remove all .DS_Store file,"	 2 files changed", 2 insertions(+)," 1 deletion(-)	"
2b6104a,Qu?c V??ng,"Fri, 22 Sep 2023 23:09:32 +0700",update screenflow,"	 20 files changed", 12 insertions(+)," 1141 deletions(-)	"
72a7de2,PhenChua,"Fri, 22 Sep 2023 22:06:18 +0700",Add init database file,"	 1 file changed"," 164 insertions(+)	",
1deed89,PhenChua,"Fri, 22 Sep 2023 22:04:27 +0700",Update product list link,"	 2 files changed", 5 insertions(+)," 5 deletions(-)	"
9fa1c3b,Carl-Johnsons,"Fri, 22 Sep 2023 17:22:50 +0700",Add folder SRS,"	 7 files changed"," 1654 insertions(+)	",
9ea2ed8,Qu?c V??ng,"Fri, 15 Sep 2023 14:55:43 +0700",add DataManager.java,"	 2 files changed", 266 insertions(+)," 2 deletions(-)	"
08e37cc,Qu?c V??ng,"Fri, 15 Sep 2023 14:52:30 +0700",stop tracking DataManager.java,"	 1 file changed"," 265 deletions(-)	",
9fd6374,Qu?c V??ng,"Fri, 15 Sep 2023 14:46:14 +0700",add git ignore for DataManager.java,"	 5 files changed", 404 insertions(+)," 217 deletions(-)	"
bd48efa,Carl-Johnsons,"Tue, 5 Sep 2023 22:35:20 +0700",add requirement.txt,"	 21 files changed", 2035 insertions(+)," 2319 deletions(-)	"
2dcac8d,Carl-Johnsons,"Tue, 5 Sep 2023 20:29:41 +0700",add document folder,"	 4 files changed", 550 insertions(+)," 9 deletions(-)	"
536c1c2,Qu・ｻ・c Zﾆｰﾆ｡ng,"Tue, 18 Jul 2023 08:27:46 +0700",Update homePage.jsp,"	 1 file changed", 2 insertions(+)," 2 deletions(-)	"
8b15299,PhenChua,"Tue, 18 Jul 2023 03:15:03 +0700",fix small bugs,"	 5 files changed", 353 insertions(+)," 333 deletions(-)	"
92f6dfa,Carl-Johnsons,"Tue, 18 Jul 2023 02:09:28 +0700",fix all navbar,"	 19 files changed", 432 insertions(+)," 119 deletions(-)	"
0c3b7ce,Carl-Johnsons,"Tue, 18 Jul 2023 00:55:26 +0700",fix some bugs,"	 12 files changed", 1679 insertions(+)," 830 deletions(-)	"
28f6937,Carl-Johnsons,"Mon, 17 Jul 2023 23:25:44 +0700",add placeholder for SDT,"	 2 files changed", 2 insertions(+)," 2 deletions(-)	"
abc4843,Carl-Johnsons,"Mon, 17 Jul 2023 23:01:23 +0700",throw exception in Update Adress in Client Controoler,"	 6 files changed", 108 insertions(+)," 88 deletions(-)	"
667144,PhenChua,"Mon, 17 Jul 2023 21:57:35 +0700",Fix small bug with user cookie,"	 3 files changed", 219 insertions(+)," 205 deletions(-)	"
e5f3f28,Carl-Johnsons,"Mon, 17 Jul 2023 21:12:46 +0700",update Muc do hoan thanh and add some work in README.md,"	 1 file changed", 116 insertions(+)," 46 deletions(-)	"
f78e346,Carl-Johnsons,"Mon, 17 Jul 2023 21:11:11 +0700",update README.md,"	 10 files changed", 180 insertions(+)," 5 deletions(-)	"
682745f,Carl-Johnsons,"Mon, 17 Jul 2023 18:59:15 +0700",fix c:if c:when that has double quote change into single quote to avoid parser error,"	 12 files changed", 28 insertions(+)," 26 deletions(-)	"
5f57cf1,Carl-Johnsons,"Mon, 17 Jul 2023 18:17:50 +0700",fix upload image button,"	 5 files changed", 250 insertions(+)," 195 deletions(-)	"
6b4b98a,Carl-Johnsons,"Mon, 17 Jul 2023 01:22:41 +0700",fix upload image in /Admin/Product/Add.,"	 3 files changed", 30 insertions(+)," 22 deletions(-)	"
8e98d5c,Carl-Johnsons,"Mon, 17 Jul 2023 00:57:46 +0700",fix css,"	 16 files changed", 451 insertions(+)," 438 deletions(-)	"
540425f,Carl-Johnsons,"Sun, 16 Jul 2023 23:16:17 +0700",reopen login cache. Failed to fix,"	 39 files changed", 1763 insertions(+)," 249 deletions(-)	"
258c522,Carl-Johnsons,"Sun, 16 Jul 2023 18:29:27 +0700",delete cookie when admin set him-self to client,"	 27 files changed", 936 insertions(+)," 560 deletions(-)	"
4c8be42,Carl-Johnsons,"Sun, 16 Jul 2023 15:40:02 +0700",throw exception in Admin update user,"	 26 files changed", 519 insertions(+)," 359 deletions(-)	"
e4fc9ec,Carl-Johnsons,"Fri, 14 Jul 2023 00:51:09 +0700",search in Product/List function fixed. No Product Found added in Product/List,"	 15 files changed", 583 insertions(+)," 139 deletions(-)	"
6133b72,Carl-Johnsons,"Thu, 13 Jul 2023 23:02:26 +0700",add suggested product in product detail,"	 5 files changed", 380 insertions(+)," 196 deletions(-)	"
12a8fa0,Carl-Johnsons,"Thu, 13 Jul 2023 22:34:57 +0700",fix client checkout when there is no product is cart,"	 12 files changed", 712 insertions(+)," 447 deletions(-)	"
82b6343,Qu・ｻ・c Zﾆｰﾆ｡ng,"Thu, 13 Jul 2023 20:35:05 +0700",add action for button in account page,"	 3 files changed", 33 insertions(+)," 5 deletions(-)	"
bdcad88,Carl-Johnsons,"Thu, 13 Jul 2023 19:25:23 +0700",add Order's Detail and Detail for Client in ADMIN_PAGE,"	 4 files changed", 168 insertions(+)," 50 deletions(-)	"
0fdf3a4,Carl-Johnsons,"Thu, 13 Jul 2023 18:25:25 +0700",Update filter send Error 403 for some url,"	 10 files changed", 151 insertions(+)," 102 deletions(-)	"
40e0bae,Qu・ｻ・c Zﾆｰﾆ｡ng,"Thu, 13 Jul 2023 17:46:30 +0700",add plugin zooom image in detail.jsp page,"	 17 files changed", 2911 insertions(+)," 24 deletions(-)	"
ca47e6c,Qu・ｻ・c Zﾆｰﾆ｡ng,"Thu, 13 Jul 2023 17:05:25 +0700","add hover for add to cart btn, checkout btn, back to home btn","	 4 files changed", 25 insertions(+)," 41 deletions(-)	"
a8ec05a,Qu・ｻ・c Zﾆｰﾆ｡ng,"Thu, 13 Jul 2023 16:42:07 +0700",center for icon in homepage's header,"	 3 files changed", 3 insertions(+)," 5 deletions(-)	"
e920d14,Qu・ｻ・c Zﾆｰﾆ｡ng,"Thu, 13 Jul 2023 16:27:56 +0700",fix button back to home in cart page,"	 5 files changed", 392 insertions(+)," 384 deletions(-)	"
622113b,Qu・ｻ・c Zﾆｰﾆ｡ng,"Thu, 13 Jul 2023 15:26:43 +0700",fix font for checkout page,"	 2 files changed", 6 insertions(+)," 1 deletion(-)	"
fd7abf3,Qu・ｻ・c Zﾆｰﾆ｡ng,"Thu, 13 Jul 2023 08:13:11 +0700",hide icon or hide all td when there are no info or info equal null,"	 2 files changed", 18 insertions(+)," 4 deletions(-)	"
7ca40d5,Carl-Johnsons,"Thu, 13 Jul 2023 07:59:31 +0700",Update interface for update user and paging in user list,"	 17 files changed", 902 insertions(+)," 799 deletions(-)	"
5c9e885,Qu・ｻ・c Zﾆｰﾆ｡ng,"Thu, 13 Jul 2023 07:40:22 +0700",add try catch when user try to input invalid path in /Product/List/BrandID/,"	 1 file changed", 8 insertions(+)," 2 deletions(-)	"
36003ee,Qu・ｻ・c Zﾆｰﾆ｡ng,"Thu, 13 Jul 2023 07:22:52 +0700",add 403 page,"	 2 files changed"," 60 insertions(+)	",
456e57d,Qu・ｻ・c Zﾆｰﾆ｡ng,"Wed, 12 Jul 2023 08:49:52 +0700",add subscribe for all page,"	 14 files changed", 720 insertions(+)," 732 deletions(-)	"
a6ad972,Carl-Johnsons,"Wed, 12 Jul 2023 00:16:13 +0700",add username change email and fix Admin/ and Client/User jquery Validation,"	 14 files changed", 1566 insertions(+)," 883 deletions(-)	"
ab10575,Qu・ｻ・c Zﾆｰﾆ｡ng,"Tue, 11 Jul 2023 19:26:13 +0700",Update README.md,"	 1 file changed"," 1 insertion(+)	",
c08c515,Carl-Johnsons,"Tue, 11 Jul 2023 11:48:23 +0700",Add list of work in the README.md,"	 1 file changed"," 48 insertions(+)	",
fc49c93,PhenChua,"Mon, 10 Jul 2023 23:23:43 +0700",Fix bugs,"	 1 file changed", 3 insertions(+)," 7 deletions(-)	"
920b208,PhenChua,"Mon, 10 Jul 2023 23:14:34 +0700",Fix bugs,"	 39 files changed", 2016 insertions(+)," 8140 deletions(-)	"
a8bb0a8,Carl-Johnsons,"Sun, 9 Jul 2023 02:12:58 +0700",Finishing email sender,"	 3 files changed", 49 insertions(+)," 18 deletions(-)	"
e476cd9,Carl-Johnsons,"Sun, 9 Jul 2023 01:27:54 +0700",add more notification when change password/email,"	 13 files changed", 612 insertions(+)," 727 deletions(-)	"
4920728,Carl-Johnsons,"Sun, 9 Jul 2023 00:21:29 +0700",Add sending mail functionality,"	 13 files changed", 2194 insertions(+)," 1233 deletions(-)	"
e3c8320,Carl-Johnsons,"Sat, 8 Jul 2023 22:02:51 +0700",add 2 more exception,"	 11 files changed", 162 insertions(+)," 639 deletions(-)	"
3533669,PhenChua,"Sat, 8 Jul 2023 21:23:55 +0700",Update user.jsp,"	 1 file changed", 3 insertions(+)," 3 deletions(-)	"
5340f37,Carl-Johnsons,"Sat, 8 Jul 2023 20:35:29 +0700",Handling exception in user.jsp and login.jsp,"	 27 files changed", 1511 insertions(+)," 1138 deletions(-)	"
c6aa556,Carl-Johnsons,"Sat, 8 Jul 2023 16:11:05 +0700",Fixing save back up function,"	 10 files changed", 554 insertions(+)," 471 deletions(-)	"
e6519f9,Carl-Johnsons,"Sat, 8 Jul 2023 15:31:01 +0700",test file .bat,"	 2 files changed", 439 insertions(+)," 93 deletions(-)	"
c4ea45a,Carl-Johnsons,"Sat, 8 Jul 2023 15:22:31 +0700",newest version,"	 17 files changed", 93 insertions(+)," 99 deletions(-)	"
5e538c5,Carl-Johnsons,"Sat, 8 Jul 2023 14:35:38 +0700",Fixing upload img to Imgur,"	 2 files changed", 17 insertions(+)," 99 deletions(-)	"
e599211,Carl-Johnsons,"Sat, 8 Jul 2023 02:06:13 +0700",Someone delete something in shop style.css,"	 13 files changed", 960 insertions(+)," 313 deletions(-)	"
a477c74,PhenChua,"Fri, 7 Jul 2023 21:06:08 +0700",Update user list for admin,"	 5 files changed", 46 insertions(+)," 35 deletions(-)	"
b91272d,Carl-Johnsons,"Fri, 7 Jul 2023 18:22:46 +0700",Still fixing the product filter in Product/List,"	 29 files changed", 1461 insertions(+)," 133 deletions(-)	"
5b67349,Carl-Johnsons,"Fri, 7 Jul 2023 16:41:53 +0700",Finish search bar in Admin/List,"	 10 files changed", 1005 insertions(+)," 86 deletions(-)	"
4602e2d,Carl-Johnsons,"Fri, 7 Jul 2023 02:21:47 +0700",Finish 50% Admin Controller,"	 21 files changed", 1786 insertions(+)," 928 deletions(-)	"
f155176,Carl-Johnsons,"Thu, 6 Jul 2023 20:03:36 +0700",Finish add Action in Admin Controller,"	 25 files changed", 1237 insertions(+)," 640 deletions(-)	"
a6468db,Qu・ｻ・c Zﾆｰﾆ｡ng,"Thu, 6 Jul 2023 14:50:50 +0700",update css for button in detail product and update time to live for scroll function,"	 3 files changed", 29 insertions(+)," 12 deletions(-)	"
6a6a8bf,Carl-Johnsons,"Thu, 6 Jul 2023 02:06:58 +0700",Finish 90% Client Controller,"	 2 files changed", 6 insertions(+)," 6 deletions(-)	"
3aba5a7,Carl-Johnsons,"Thu, 6 Jul 2023 01:44:46 +0700","Finish orderDetail, address backend","	 19 files changed", 1776 insertions(+)," 556 deletions(-)	"
f509b33,Qu・ｻ・c Zﾆｰﾆ｡ng,"Wed, 5 Jul 2023 21:25:20 +0700",update order page,"	 5 files changed", 734 insertions(+)," 33 deletions(-)	"
1556162,Carl-Johnsons,"Wed, 5 Jul 2023 19:56:41 +0700",Finish updating Info in Client Controller,"	 17 files changed", 1114 insertions(+)," 651 deletions(-)	"
00e591a,Qu・ｻ・c Zﾆｰﾆ｡ng,"Wed, 5 Jul 2023 14:44:24 +0700",remove target,"	 64 files changed"," 5516 deletions(-)	",
9bf2f52,Qu・ｻ・c Zﾆｰﾆ｡ng,"Wed, 5 Jul 2023 14:14:10 +0700",add user page,"	 44 files changed", 564 insertions(+)," 186 deletions(-)	"
2433223,PhenChua,"Wed, 5 Jul 2023 02:19:15 +0700",Finish login & register,"	 54 files changed", 1145 insertions(+)," 966 deletions(-)	"
b523140,Qu・ｻ・c Zﾆｰﾆ｡ng,"Tue, 4 Jul 2023 22:01:24 +0700",fix footer spelling mistake,"	 8 files changed", 9 insertions(+)," 9 deletions(-)	"
c19c40e,Qu・ｻ・c Zﾆｰﾆ｡ng,"Tue, 4 Jul 2023 21:50:54 +0700",update add to cart animation,"	 34 files changed", 6765 insertions(+)," 318 deletions(-)	"
41ea680,Qu・ｻ・c Zﾆｰﾆ｡ng,"Tue, 4 Jul 2023 16:23:08 +0700",update new scrollbar for all page,"	 8 files changed"," 122 insertions(+)	",
d87f51f,Qu・ｻ・c Zﾆｰﾆ｡ng,"Tue, 4 Jul 2023 16:17:27 +0700",fix css and add scroll behavior for list.jsp page,"	 3 files changed", 221 insertions(+)," 213 deletions(-)	"
472de5f,Qu・ｻ・c Zﾆｰﾆ｡ng,"Tue, 4 Jul 2023 15:42:52 +0700",add gitignore for target folder,"	 2239 files changed"," 366211 deletions(-)	",
ff6dfca,Qu・ｻ・c Zﾆｰﾆ｡ng,"Tue, 4 Jul 2023 15:35:12 +0700",add gitignore for target folder,"	 1 file changed"," 1 insertion(+)	",
f20035b,Qu・ｻ・c Zﾆｰﾆ｡ng,"Tue, 4 Jul 2023 15:29:50 +0700",add animation hover img in list page,"	 2069 files changed", 11 insertions(+)," 333512 deletions(-)	"
4c1282d,Carl-Johnsons,"Tue, 4 Jul 2023 15:21:17 +0700",Update Product Filter,"	 13 files changed", 164 insertions(+)," 142 deletions(-)	"
24a9558,Qu・ｻ・c Zﾆｰﾆ｡ng,"Tue, 4 Jul 2023 15:13:52 +0700",fix bux tag a product page and detail product,"	 2092 files changed", 333688 insertions(+)," 75 deletions(-)	"
6b62d4f,Carl-Johnsons,"Tue, 4 Jul 2023 01:27:08 +0700",test,"	 5 files changed", 7 insertions(+)," 5 deletions(-)	"
791b956,Carl-Johnsons,"Tue, 4 Jul 2023 01:02:19 +0700",Finish Product/list and all of its Product Filter,"	 2233 files changed", 366363 insertions(+)," 98 deletions(-)	"
186ffb8,Carl-Johnsons,"Mon, 3 Jul 2023 21:29:31 +0700","update Product/Detail ProductDAO, User,..","	 2229 files changed", 536 insertions(+)," 365969 deletions(-)	"
b2ba121,Qu・ｻ・c Zﾆｰﾆ｡ng,"Mon, 3 Jul 2023 20:41:39 +0700",done front end cart page,"	 10 files changed"," 826 insertions(+)	",
d44c1a3,Carl-Johnsons,"Mon, 3 Jul 2023 16:16:05 +0700","Add txt to admin, client","	 31 files changed", 405 insertions(+)," 377 deletions(-)	"
7328719,Carl-Johnsons,"Mon, 3 Jul 2023 15:43:04 +0700",Creating MVC folders structure,"	 2440 files changed", 1343 insertions(+)," 2130 deletions(-)	"
939e986,Carl-Johnsons,"Mon, 3 Jul 2023 13:20:08 +0700",Fix pull request,"	 3869 files changed", 81 insertions(+)," 366393 deletions(-)	"
236601,Qu・ｻ・c Zﾆｰﾆ｡ng,"Mon, 3 Jul 2023 12:36:48 +0700",commit 7,"	 3846 files changed", 363255 insertions(+)," 8 deletions(-)	"
43bec02,Qu・ｻ・c Zﾆｰﾆ｡ng,"Mon, 19 Jun 2023 23:06:40 +0700",fix path,"	 601 files changed", 1513 insertions(+)," 2018 deletions(-)	"
a92e94f,Qu・ｻ・c Zﾆｰﾆ｡ng,"Mon, 19 Jun 2023 22:43:24 +0700",add folder brand,"	 584 files changed"," 1923 insertions(+)	",
0d56b6c,Carl-Johnsons,"Mon, 19 Jun 2023 19:59:33 +0700","Fix the all link using absolute path, Fix Querrying the db","	 1331 files changed", 4567 insertions(+)," 911 deletions(-)	"
83d2698,PhenChua,"Sun, 18 Jun 2023 20:47:19 +0700",Add test file.,"	 1 file changed"," 1 insertion(+)	",
1a8ba5d,PhenChua,"Sun, 18 Jun 2023 20:44:54 +0700",Net bean (#3),"	 3308 files changed", 366939 insertions(+)," 1654 deletions(-)	"
6f3bc1e,PhenChua,"Sun, 18 Jun 2023 20:26:09 +0700","Update DAOs, Models.","	 6 files changed", 464 insertions(+)," 23 deletions(-)	"
67ffe41,Carl-Johnsons,"Sun, 18 Jun 2023 19:22:03 +0700",change structure of the folder,"	 4631 files changed", 1511 insertions(+)," 735810 deletions(-)	"
539af09,Carl-Johnsons,"Sun, 18 Jun 2023 19:16:40 +0700","remake structure of models,DAOS","	 3306 files changed"," 730888 insertions(+)	",
1ed2545,Qu・ｻ・c Zﾆｰﾆ｡ng,"Sun, 18 Jun 2023 13:28:04 +0700",remove hello.txt file,"	 2 files changed", 0 insertions(+)," 0 deletions(-)	"
f04bc6b,Carl-Johnsons,"Sun, 18 Jun 2023 13:22:11 +0700",add hello.txt,"	 1 file changed", 0 insertions(+)," 0 deletions(-)	"
1a35e91,Carl-Johnsons,"Sun, 18 Jun 2023 13:18:46 +0700",testing commit,"	 4603 files changed"," 734299 deletions(-)	",
6328f61,Carl-Johnsons,"Sun, 18 Jun 2023 13:08:42 +0700",Change something,"	 4603 files changed"," 734299 insertions(+)	",
532ed77,PhenChua,"Sun, 18 Jun 2023 12:59:14 +0700",Create README.md,"	 1 file changed"," 2 insertions(+)	",
48f4101,Carl-Johnsons,"Thu, 8 Jun 2023 17:26:20 +0700",testing commit,"	 2301 files changed", 366510 insertions(+)," 6 deletions(-)	"
f1d557c,Carl-Johnsons,"Wed, 7 Jun 2023 21:18:51 +0700",Update project,"	 7 files changed", 2 insertions(+)," 5 deletions(-)	"
47f819f,Carl-Johnsons,"Wed, 7 Jun 2023 21:10:43 +0700",update data.txt (very important),"	 1 file changed"," 1 insertion(+)	",
d6b3b42,Qu・ｻ・c Zﾆｰﾆ｡ng,"Wed, 7 Jun 2023 17:39:19 +0700",delete img,"	 2 files changed", 0 insertions(+)," 0 deletions(-)	"
14d13d6,Qu・ｻ・c Zﾆｰﾆ｡ng,"Wed, 7 Jun 2023 17:22:48 +0700",update image,"	 1 file changed", 0 insertions(+)," 0 deletions(-)	"
d67eb99,Qu・ｻ・c Zﾆｰﾆ｡ng,"Wed, 7 Jun 2023 16:58:15 +0700",first commit for NetBean,"	 2309 files changed", 2378 insertions(+)," 708 deletions(-)	"
6bfecea,Qu・ｻ・c Zﾆｰﾆ｡ng,"Wed, 7 Jun 2023 10:40:53 +0700",fix bug div,"	 1 file changed", 412 insertions(+)," 329 deletions(-)	"
a91d735,Qu・ｻ・c Zﾆｰﾆ｡ng,"Tue, 6 Jun 2023 22:01:35 +0700",complete a tag,"	 2 files changed", 31 insertions(+)," 28 deletions(-)	"
761102c,Qu・ｻ・c Zﾆｰﾆ｡ng,"Tue, 6 Jun 2023 20:32:39 +0700",add a tag for product,"	 3 files changed", 51 insertions(+)," 9 deletions(-)	"
c10b03f,Qu・ｻ・c Zﾆｰﾆ｡ng,"Mon, 5 Jun 2023 19:14:13 +0700",done user page,"	 5 files changed", 521 insertions(+)," 24 deletions(-)	"
533e736,Qu・ｻ・c Zﾆｰﾆ｡ng,"Sun, 4 Jun 2023 19:40:36 +0700",done product page,"	 8 files changed", 602 insertions(+)," 4 deletions(-)	"
60a5dc5,Qu・ｻ・c Zﾆｰﾆ｡ng,"Sun, 4 Jun 2023 15:52:52 +0700",done introduce,"	 20 files changed", 495 insertions(+)," 62 deletions(-)	"
1169c62,Qu・ｻ・c Zﾆｰﾆ｡ng,"Sun, 4 Jun 2023 14:44:31 +0700",update font storage,"	 8447 files changed"," 1081461 deletions(-)	",
0cefa1f,Qu・ｻ・c Zﾆｰﾆ｡ng,"Sun, 4 Jun 2023 14:38:50 +0700",update image's storage,"	 135 files changed", 76 insertions(+)," 2911 deletions(-)	"
b52e4ab,Qu・ｻ・c Zﾆｰﾆ｡ng,"Sun, 4 Jun 2023 14:03:12 +0700",change a tag,"	 6 files changed", 35 insertions(+)," 26 deletions(-)	"
0c8b4cc,Qu・ｻ・c Zﾆｰﾆ｡ng,"Sat, 3 Jun 2023 22:59:28 +0700",done sort & find shop,"	 3 files changed", 90 insertions(+)," 26 deletions(-)	"
44d350a,Qu・ｻ・c Zﾆｰﾆ｡ng,"Sat, 3 Jun 2023 20:52:35 +0700",complete shop interface + done sorting,"	 2157 files changed", 362671 insertions(+)," 5 deletions(-)	"
2ebb41b,Qu・ｻ・c Zﾆｰﾆ｡ng,"Sat, 3 Jun 2023 16:17:32 +0700",complete JS for home page,"	 2 files changed", 5 insertions(+)," 3 deletions(-)	"
fd7f319,Qu・ｻ・c Zﾆｰﾆ｡ng,"Sat, 3 Jun 2023 16:03:48 +0700",backup JS,"	 7 files changed", 37 insertions(+)," 69 deletions(-)	"
fa98364,Qu・ｻ・c Zﾆｰﾆ｡ng,"Sat, 3 Jun 2023 15:41:06 +0700",complete login page,"	 3 files changed", 112 insertions(+)," 111 deletions(-)	"
c8b3f9b,Qu・ｻ・c Zﾆｰﾆ｡ng,"Sat, 3 Jun 2023 14:02:28 +0700",backup template,"	 6426 files changed", 723253 insertions(+)," 4 deletions(-)	"
77b5bb6,Qu・ｻ・c Zﾆｰﾆ｡ng,"Fri, 2 Jun 2023 22:48:11 +0700",complete interface,"	 13 files changed", 353 insertions(+)," 20 deletions(-)	"
3691017,Qu・ｻ・c Zﾆｰﾆ｡ng,"Mon, 15 May 2023 17:36:17 +0700",third commit,"	 3 files changed", 64 insertions(+)," 13 deletions(-)	"
faec5c0,Qu・ｻ・c Zﾆｰﾆ｡ng,"Wed, 10 May 2023 21:55:17 +0700",second commit,"	 3 files changed", 126 insertions(+)," 31 deletions(-)	"
e9e77df,Qu・ｻ・c Zﾆｰﾆ｡ng,"Wed, 10 May 2023 21:06:15 +0700",first commit,"	 2139 files changed"," 362329 insertions(+)	",
